Domain Code;Domain;Area Code;Area;Element Code;Element;Item Code;Item;Year Code;Year;Unit;Value;Flag;Flag Description
QL;Livestock Primary;211;Switzerland;5510;Production;867;Meat, cattle;1961;1961;tonnes;107233;;Official data
QL;Livestock Primary;211;Switzerland;5510;Production;867;Meat, cattle;1962;1962;tonnes;119598;;Official data
QL;Livestock Primary;211;Switzerland;5510;Production;867;Meat, cattle;1963;1963;tonnes;114826;;Official data
QL;Livestock Primary;211;Switzerland;5510;Production;867;Meat, cattle;1964;1964;tonnes;109641;;Official data
QL;Livestock Primary;211;Switzerland;5510;Production;867;Meat, cattle;1965;1965;tonnes;112102;;Official data
QL;Livestock Primary;211;Switzerland;5510;Production;867;Meat, cattle;1966;1966;tonnes;118412;;Official data
QL;Livestock Primary;211;Switzerland;5510;Production;867;Meat, cattle;1967;1967;tonnes;120239;;Official data
QL;Livestock Primary;211;Switzerland;5510;Production;867;Meat, cattle;1968;1968;tonnes;128272;;Official data
QL;Livestock Primary;211;Switzerland;5510;Production;867;Meat, cattle;1969;1969;tonnes;126552;;Official data
QL;Livestock Primary;211;Switzerland;5510;Production;867;Meat, cattle;1970;1970;tonnes;136611;;Official data
QL;Livestock Primary;211;Switzerland;5510;Production;867;Meat, cattle;1971;1971;tonnes;136914;;Official data
QL;Livestock Primary;211;Switzerland;5510;Production;867;Meat, cattle;1972;1972;tonnes;127571;;Official data
QL;Livestock Primary;211;Switzerland;5510;Production;867;Meat, cattle;1973;1973;tonnes;130229;;Official data
QL;Livestock Primary;211;Switzerland;5510;Production;867;Meat, cattle;1974;1974;tonnes;145491;;Official data
QL;Livestock Primary;211;Switzerland;5510;Production;867;Meat, cattle;1975;1975;tonnes;141548;;Official data
QL;Livestock Primary;211;Switzerland;5510;Production;867;Meat, cattle;1976;1976;tonnes;148911;;Official data
QL;Livestock Primary;211;Switzerland;5510;Production;867;Meat, cattle;1977;1977;tonnes;149745;;Official data
QL;Livestock Primary;211;Switzerland;5510;Production;867;Meat, cattle;1978;1978;tonnes;149972;;Official data
QL;Livestock Primary;211;Switzerland;5510;Production;867;Meat, cattle;1979;1979;tonnes;161369;;Official data
QL;Livestock Primary;211;Switzerland;5510;Production;867;Meat, cattle;1980;1980;tonnes;168963;;Official data
QL;Livestock Primary;211;Switzerland;5510;Production;867;Meat, cattle;1981;1981;tonnes;155752;;Official data
QL;Livestock Primary;211;Switzerland;5510;Production;867;Meat, cattle;1982;1982;tonnes;159932;;Official data
QL;Livestock Primary;211;Switzerland;5510;Production;867;Meat, cattle;1983;1983;tonnes;152165;;Official data
QL;Livestock Primary;211;Switzerland;5510;Production;867;Meat, cattle;1984;1984;tonnes;165139;;Official data
QL;Livestock Primary;211;Switzerland;5510;Production;867;Meat, cattle;1985;1985;tonnes;169829;;Official data
QL;Livestock Primary;211;Switzerland;5510;Production;867;Meat, cattle;1986;1986;tonnes;171160;;Official data
QL;Livestock Primary;211;Switzerland;5510;Production;867;Meat, cattle;1987;1987;tonnes;171868;;Official data
QL;Livestock Primary;211;Switzerland;5510;Production;867;Meat, cattle;1988;1988;tonnes;153912;;Official data
QL;Livestock Primary;211;Switzerland;5510;Production;867;Meat, cattle;1989;1989;tonnes;156566;;Official data
QL;Livestock Primary;211;Switzerland;5510;Production;867;Meat, cattle;1990;1990;tonnes;165242;;Official data
QL;Livestock Primary;211;Switzerland;5510;Production;867;Meat, cattle;1991;1991;tonnes;173742;;Official data
QL;Livestock Primary;211;Switzerland;5510;Production;867;Meat, cattle;1992;1992;tonnes;165400;;Official data
QL;Livestock Primary;211;Switzerland;5510;Production;867;Meat, cattle;1993;1993;tonnes;156042;;Official data
QL;Livestock Primary;211;Switzerland;5510;Production;867;Meat, cattle;1994;1994;tonnes;143281;;Official data
QL;Livestock Primary;211;Switzerland;5510;Production;867;Meat, cattle;1995;1995;tonnes;148138;;Official data
QL;Livestock Primary;211;Switzerland;5510;Production;867;Meat, cattle;1996;1996;tonnes;159164;;Official data
QL;Livestock Primary;211;Switzerland;5510;Production;867;Meat, cattle;1997;1997;tonnes;152355;;Official data
QL;Livestock Primary;211;Switzerland;5510;Production;867;Meat, cattle;1998;1998;tonnes;147768;;Official data
QL;Livestock Primary;211;Switzerland;5510;Production;867;Meat, cattle;1999;1999;tonnes;147302;;Official data
QL;Livestock Primary;211;Switzerland;5510;Production;867;Meat, cattle;2000;2000;tonnes;128394;;Official data
QL;Livestock Primary;211;Switzerland;5510;Production;867;Meat, cattle;2001;2001;tonnes;137831;;Official data
QL;Livestock Primary;211;Switzerland;5510;Production;867;Meat, cattle;2002;2002;tonnes;139895;;Official data
QL;Livestock Primary;211;Switzerland;5510;Production;867;Meat, cattle;2003;2003;tonnes;137203;;Official data
QL;Livestock Primary;211;Switzerland;5510;Production;867;Meat, cattle;2004;2004;tonnes;134378;;Official data
QL;Livestock Primary;211;Switzerland;5510;Production;867;Meat, cattle;2005;2005;tonnes;132763;;Official data
QL;Livestock Primary;211;Switzerland;5510;Production;867;Meat, cattle;2006;2006;tonnes;135336;;Official data
QL;Livestock Primary;211;Switzerland;5510;Production;867;Meat, cattle;2007;2007;tonnes;133453;;Official data
QL;Livestock Primary;211;Switzerland;5510;Production;867;Meat, cattle;2008;2008;tonnes;135960;;Official data
QL;Livestock Primary;211;Switzerland;5510;Production;867;Meat, cattle;2009;2009;tonnes;142182;;Official data
QL;Livestock Primary;211;Switzerland;5510;Production;867;Meat, cattle;2010;2010;tonnes;143475;;Official data
QL;Livestock Primary;211;Switzerland;5510;Production;867;Meat, cattle;2011;2011;tonnes;144490;;Official data
QL;Livestock Primary;211;Switzerland;5510;Production;867;Meat, cattle;2012;2012;tonnes;144922;;Official data
QL;Livestock Primary;211;Switzerland;5510;Production;867;Meat, cattle;2013;2013;tonnes;143600;;Official data
QL;Livestock Primary;211;Switzerland;5510;Production;867;Meat, cattle;2014;2014;tonnes;143854;;Official data
QL;Livestock Primary;211;Switzerland;5510;Production;867;Meat, cattle;2015;2015;tonnes;141909;;Official data
QL;Livestock Primary;211;Switzerland;5510;Production;867;Meat, cattle;2016;2016;tonnes;144456;;Official data
QL;Livestock Primary;211;Switzerland;5510;Production;1058;Meat, chicken;1961;1961;tonnes;5250;;Official data
QL;Livestock Primary;211;Switzerland;5510;Production;1058;Meat, chicken;1962;1962;tonnes;5800;;Official data
QL;Livestock Primary;211;Switzerland;5510;Production;1058;Meat, chicken;1963;1963;tonnes;8400;;Official data
QL;Livestock Primary;211;Switzerland;5510;Production;1058;Meat, chicken;1964;1964;tonnes;10500;;Official data
QL;Livestock Primary;211;Switzerland;5510;Production;1058;Meat, chicken;1965;1965;tonnes;12400;;Official data
QL;Livestock Primary;211;Switzerland;5510;Production;1058;Meat, chicken;1966;1966;tonnes;13500;;Official data
QL;Livestock Primary;211;Switzerland;5510;Production;1058;Meat, chicken;1967;1967;tonnes;14500;;Official data
QL;Livestock Primary;211;Switzerland;5510;Production;1058;Meat, chicken;1968;1968;tonnes;15000;;Official data
QL;Livestock Primary;211;Switzerland;5510;Production;1058;Meat, chicken;1969;1969;tonnes;15500;;Official data
QL;Livestock Primary;211;Switzerland;5510;Production;1058;Meat, chicken;1970;1970;tonnes;16200;;Official data
QL;Livestock Primary;211;Switzerland;5510;Production;1058;Meat, chicken;1971;1971;tonnes;17500;;Official data
QL;Livestock Primary;211;Switzerland;5510;Production;1058;Meat, chicken;1972;1972;tonnes;19360;;Official data
QL;Livestock Primary;211;Switzerland;5510;Production;1058;Meat, chicken;1973;1973;tonnes;20460;;Official data
QL;Livestock Primary;211;Switzerland;5510;Production;1058;Meat, chicken;1974;1974;tonnes;21120;;Official data
QL;Livestock Primary;211;Switzerland;5510;Production;1058;Meat, chicken;1975;1975;tonnes;19360;;Official data
QL;Livestock Primary;211;Switzerland;5510;Production;1058;Meat, chicken;1976;1976;tonnes;20900;;Official data
QL;Livestock Primary;211;Switzerland;5510;Production;1058;Meat, chicken;1977;1977;tonnes;21670;;Official data
QL;Livestock Primary;211;Switzerland;5510;Production;1058;Meat, chicken;1978;1978;tonnes;21780;;Official data
QL;Livestock Primary;211;Switzerland;5510;Production;1058;Meat, chicken;1979;1979;tonnes;23100;;Official data
QL;Livestock Primary;211;Switzerland;5510;Production;1058;Meat, chicken;1980;1980;tonnes;23000;;Official data
QL;Livestock Primary;211;Switzerland;5510;Production;1058;Meat, chicken;1981;1981;tonnes;24300;;Official data
QL;Livestock Primary;211;Switzerland;5510;Production;1058;Meat, chicken;1982;1982;tonnes;24400;;Official data
QL;Livestock Primary;211;Switzerland;5510;Production;1058;Meat, chicken;1983;1983;tonnes;24500;;Official data
QL;Livestock Primary;211;Switzerland;5510;Production;1058;Meat, chicken;1984;1984;tonnes;25630;;Official data
QL;Livestock Primary;211;Switzerland;5510;Production;1058;Meat, chicken;1985;1985;tonnes;27500;;Official data
QL;Livestock Primary;211;Switzerland;5510;Production;1058;Meat, chicken;1986;1986;tonnes;27500;;Official data
QL;Livestock Primary;211;Switzerland;5510;Production;1058;Meat, chicken;1987;1987;tonnes;28710;;Official data
QL;Livestock Primary;211;Switzerland;5510;Production;1058;Meat, chicken;1988;1988;tonnes;31370;;Official data
QL;Livestock Primary;211;Switzerland;5510;Production;1058;Meat, chicken;1989;1989;tonnes;32460;;Official data
QL;Livestock Primary;211;Switzerland;5510;Production;1058;Meat, chicken;1990;1990;tonnes;31277;;Official data
QL;Livestock Primary;211;Switzerland;5510;Production;1058;Meat, chicken;1991;1991;tonnes;32639;;Official data
QL;Livestock Primary;211;Switzerland;5510;Production;1058;Meat, chicken;1992;1992;tonnes;33666;;Official data
QL;Livestock Primary;211;Switzerland;5510;Production;1058;Meat, chicken;1993;1993;tonnes;33076;;Official data
QL;Livestock Primary;211;Switzerland;5510;Production;1058;Meat, chicken;1994;1994;tonnes;34976;;Official data
QL;Livestock Primary;211;Switzerland;5510;Production;1058;Meat, chicken;1995;1995;tonnes;36619;;Official data
QL;Livestock Primary;211;Switzerland;5510;Production;1058;Meat, chicken;1996;1996;tonnes;37319;;Official data
QL;Livestock Primary;211;Switzerland;5510;Production;1058;Meat, chicken;1997;1997;tonnes;40774;;Official data
QL;Livestock Primary;211;Switzerland;5510;Production;1058;Meat, chicken;1998;1998;tonnes;40302;;Official data
QL;Livestock Primary;211;Switzerland;5510;Production;1058;Meat, chicken;1999;1999;tonnes;42052;;Official data
QL;Livestock Primary;211;Switzerland;5510;Production;1058;Meat, chicken;2000;2000;tonnes;45890;;Official data
QL;Livestock Primary;211;Switzerland;5510;Production;1058;Meat, chicken;2001;2001;tonnes;46834;;Official data
QL;Livestock Primary;211;Switzerland;5510;Production;1058;Meat, chicken;2002;2002;tonnes;51068;;Official data
QL;Livestock Primary;211;Switzerland;5510;Production;1058;Meat, chicken;2003;2003;tonnes;53144;;Official data
QL;Livestock Primary;211;Switzerland;5510;Production;1058;Meat, chicken;2004;2004;tonnes;56317;;Official data
QL;Livestock Primary;211;Switzerland;5510;Production;1058;Meat, chicken;2005;2005;tonnes;54452;;Official data
QL;Livestock Primary;211;Switzerland;5510;Production;1058;Meat, chicken;2006;2006;tonnes;48333;;Official data
QL;Livestock Primary;211;Switzerland;5510;Production;1058;Meat, chicken;2007;2007;tonnes;58390;;Official data
QL;Livestock Primary;211;Switzerland;5510;Production;1058;Meat, chicken;2008;2008;tonnes;62404;;Official data
QL;Livestock Primary;211;Switzerland;5510;Production;1058;Meat, chicken;2009;2009;tonnes;63770;;Official data
QL;Livestock Primary;211;Switzerland;5510;Production;1058;Meat, chicken;2010;2010;tonnes;67259;;Official data
QL;Livestock Primary;211;Switzerland;5510;Production;1058;Meat, chicken;2011;2011;tonnes;71329;;Official data
QL;Livestock Primary;211;Switzerland;5510;Production;1058;Meat, chicken;2012;2012;tonnes;74650;;Official data
QL;Livestock Primary;211;Switzerland;5510;Production;1058;Meat, chicken;2013;2013;tonnes;78298;;Official data
QL;Livestock Primary;211;Switzerland;5510;Production;1058;Meat, chicken;2014;2014;tonnes;83020;;Official data
QL;Livestock Primary;211;Switzerland;5510;Production;1058;Meat, chicken;2015;2015;tonnes;85489;;Official data
QL;Livestock Primary;211;Switzerland;5510;Production;1058;Meat, chicken;2016;2016;tonnes;89182;;Official data
QL;Livestock Primary;211;Switzerland;5510;Production;1163;Meat, game;1961;1961;tonnes;1000;F;FAO estimate
QL;Livestock Primary;211;Switzerland;5510;Production;1163;Meat, game;1962;1962;tonnes;1000;F;FAO estimate
QL;Livestock Primary;211;Switzerland;5510;Production;1163;Meat, game;1963;1963;tonnes;1000;F;FAO estimate
QL;Livestock Primary;211;Switzerland;5510;Production;1163;Meat, game;1964;1964;tonnes;1000;F;FAO estimate
QL;Livestock Primary;211;Switzerland;5510;Production;1163;Meat, game;1965;1965;tonnes;1000;F;FAO estimate
QL;Livestock Primary;211;Switzerland;5510;Production;1163;Meat, game;1966;1966;tonnes;1000;;Official data
QL;Livestock Primary;211;Switzerland;5510;Production;1163;Meat, game;1967;1967;tonnes;1100;;Official data
QL;Livestock Primary;211;Switzerland;5510;Production;1163;Meat, game;1968;1968;tonnes;1000;;Official data
QL;Livestock Primary;211;Switzerland;5510;Production;1163;Meat, game;1969;1969;tonnes;1100;;Official data
QL;Livestock Primary;211;Switzerland;5510;Production;1163;Meat, game;1970;1970;tonnes;900;;Official data
QL;Livestock Primary;211;Switzerland;5510;Production;1163;Meat, game;1971;1971;tonnes;1000;;Official data
QL;Livestock Primary;211;Switzerland;5510;Production;1163;Meat, game;1972;1972;tonnes;1050;;Official data
QL;Livestock Primary;211;Switzerland;5510;Production;1163;Meat, game;1973;1973;tonnes;1100;;Official data
QL;Livestock Primary;211;Switzerland;5510;Production;1163;Meat, game;1974;1974;tonnes;1130;;Official data
QL;Livestock Primary;211;Switzerland;5510;Production;1163;Meat, game;1975;1975;tonnes;1280;;Official data
QL;Livestock Primary;211;Switzerland;5510;Production;1163;Meat, game;1976;1976;tonnes;1400;;Official data
QL;Livestock Primary;211;Switzerland;5510;Production;1163;Meat, game;1977;1977;tonnes;1600;;Official data
QL;Livestock Primary;211;Switzerland;5510;Production;1163;Meat, game;1978;1978;tonnes;1580;;Official data
QL;Livestock Primary;211;Switzerland;5510;Production;1163;Meat, game;1979;1979;tonnes;1550;;Official data
QL;Livestock Primary;211;Switzerland;5510;Production;1163;Meat, game;1980;1980;tonnes;1553;;Official data
QL;Livestock Primary;211;Switzerland;5510;Production;1163;Meat, game;1981;1981;tonnes;1504;;Official data
QL;Livestock Primary;211;Switzerland;5510;Production;1163;Meat, game;1982;1982;tonnes;1440;;Official data
QL;Livestock Primary;211;Switzerland;5510;Production;1163;Meat, game;1983;1983;tonnes;1489;;Official data
QL;Livestock Primary;211;Switzerland;5510;Production;1163;Meat, game;1984;1984;tonnes;1518;;Official data
QL;Livestock Primary;211;Switzerland;5510;Production;1163;Meat, game;1985;1985;tonnes;1594;;Official data
QL;Livestock Primary;211;Switzerland;5510;Production;1163;Meat, game;1986;1986;tonnes;1549;;Official data
QL;Livestock Primary;211;Switzerland;5510;Production;1163;Meat, game;1987;1987;tonnes;1574;;Official data
QL;Livestock Primary;211;Switzerland;5510;Production;1163;Meat, game;1988;1988;tonnes;1567;;Official data
QL;Livestock Primary;211;Switzerland;5510;Production;1163;Meat, game;1989;1989;tonnes;1531;;Official data
QL;Livestock Primary;211;Switzerland;5510;Production;1163;Meat, game;1990;1990;tonnes;1529;;Official data
QL;Livestock Primary;211;Switzerland;5510;Production;1163;Meat, game;1991;1991;tonnes;1274;;Official data
QL;Livestock Primary;211;Switzerland;5510;Production;1163;Meat, game;1992;1992;tonnes;1272;;Official data
QL;Livestock Primary;211;Switzerland;5510;Production;1163;Meat, game;1993;1993;tonnes;1366;;Official data
QL;Livestock Primary;211;Switzerland;5510;Production;1163;Meat, game;1994;1994;tonnes;1331;;Official data
QL;Livestock Primary;211;Switzerland;5510;Production;1163;Meat, game;1995;1995;tonnes;1383;;Official data
QL;Livestock Primary;211;Switzerland;5510;Production;1163;Meat, game;1996;1996;tonnes;1461;;Official data
QL;Livestock Primary;211;Switzerland;5510;Production;1163;Meat, game;1997;1997;tonnes;1428;;Official data
QL;Livestock Primary;211;Switzerland;5510;Production;1163;Meat, game;1998;1998;tonnes;1504;;Official data
QL;Livestock Primary;211;Switzerland;5510;Production;1163;Meat, game;1999;1999;tonnes;1398;;Official data
QL;Livestock Primary;211;Switzerland;5510;Production;1163;Meat, game;2000;2000;tonnes;1523;;Official data
QL;Livestock Primary;211;Switzerland;5510;Production;1163;Meat, game;2001;2001;tonnes;1544;;Official data
QL;Livestock Primary;211;Switzerland;5510;Production;1163;Meat, game;2002;2002;tonnes;1599;;Official data
QL;Livestock Primary;211;Switzerland;5510;Production;1163;Meat, game;2003;2003;tonnes;1476;;Official data
QL;Livestock Primary;211;Switzerland;5510;Production;1163;Meat, game;2004;2004;tonnes;1510;;Official data
QL;Livestock Primary;211;Switzerland;5510;Production;1163;Meat, game;2005;2005;tonnes;1633;;Official data
QL;Livestock Primary;211;Switzerland;5510;Production;1163;Meat, game;2006;2006;tonnes;1466;;Official data
QL;Livestock Primary;211;Switzerland;5510;Production;1163;Meat, game;2007;2007;tonnes;1648;;Official data
QL;Livestock Primary;211;Switzerland;5510;Production;1163;Meat, game;2008;2008;tonnes;1839;;Official data
QL;Livestock Primary;211;Switzerland;5510;Production;1163;Meat, game;2009;2009;tonnes;1537;;Official data
QL;Livestock Primary;211;Switzerland;5510;Production;1163;Meat, game;2010;2010;tonnes;1737;;Official data
QL;Livestock Primary;211;Switzerland;5510;Production;1163;Meat, game;2011;2011;tonnes;1686;;Official data
QL;Livestock Primary;211;Switzerland;5510;Production;1163;Meat, game;2012;2012;tonnes;1878;;Official data
QL;Livestock Primary;211;Switzerland;5510;Production;1163;Meat, game;2013;2013;tonnes;1762;;Official data
QL;Livestock Primary;211;Switzerland;5510;Production;1163;Meat, game;2014;2014;tonnes;1767;;Official data
QL;Livestock Primary;211;Switzerland;5510;Production;1163;Meat, game;2015;2015;tonnes;1989;;Official data
QL;Livestock Primary;211;Switzerland;5510;Production;1163;Meat, game;2016;2016;tonnes;1997;;Official data
QL;Livestock Primary;211;Switzerland;5510;Production;1017;Meat, goat;1961;1961;tonnes;729;;Official data
QL;Livestock Primary;211;Switzerland;5510;Production;1017;Meat, goat;1962;1962;tonnes;836;;Official data
QL;Livestock Primary;211;Switzerland;5510;Production;1017;Meat, goat;1963;1963;tonnes;786;;Official data
QL;Livestock Primary;211;Switzerland;5510;Production;1017;Meat, goat;1964;1964;tonnes;716;;Official data
QL;Livestock Primary;211;Switzerland;5510;Production;1017;Meat, goat;1965;1965;tonnes;688;;Official data
QL;Livestock Primary;211;Switzerland;5510;Production;1017;Meat, goat;1966;1966;tonnes;656;;Official data
QL;Livestock Primary;211;Switzerland;5510;Production;1017;Meat, goat;1967;1967;tonnes;608;;Official data
QL;Livestock Primary;211;Switzerland;5510;Production;1017;Meat, goat;1968;1968;tonnes;665;;Official data
QL;Livestock Primary;211;Switzerland;5510;Production;1017;Meat, goat;1969;1969;tonnes;650;;Official data
QL;Livestock Primary;211;Switzerland;5510;Production;1017;Meat, goat;1970;1970;tonnes;616;;Official data
QL;Livestock Primary;211;Switzerland;5510;Production;1017;Meat, goat;1971;1971;tonnes;538;;Official data
QL;Livestock Primary;211;Switzerland;5510;Production;1017;Meat, goat;1972;1972;tonnes;492;;Official data
QL;Livestock Primary;211;Switzerland;5510;Production;1017;Meat, goat;1973;1973;tonnes;510;;Official data
QL;Livestock Primary;211;Switzerland;5510;Production;1017;Meat, goat;1974;1974;tonnes;568;;Official data
QL;Livestock Primary;211;Switzerland;5510;Production;1017;Meat, goat;1975;1975;tonnes;565;;Official data
QL;Livestock Primary;211;Switzerland;5510;Production;1017;Meat, goat;1976;1976;tonnes;580;;Official data
QL;Livestock Primary;211;Switzerland;5510;Production;1017;Meat, goat;1977;1977;tonnes;602;;Official data
QL;Livestock Primary;211;Switzerland;5510;Production;1017;Meat, goat;1978;1978;tonnes;596;;Official data
QL;Livestock Primary;211;Switzerland;5510;Production;1017;Meat, goat;1979;1979;tonnes;650;;Official data
QL;Livestock Primary;211;Switzerland;5510;Production;1017;Meat, goat;1980;1980;tonnes;648;;Official data
QL;Livestock Primary;211;Switzerland;5510;Production;1017;Meat, goat;1981;1981;tonnes;620;;Official data
QL;Livestock Primary;211;Switzerland;5510;Production;1017;Meat, goat;1982;1982;tonnes;618;;Official data
QL;Livestock Primary;211;Switzerland;5510;Production;1017;Meat, goat;1983;1983;tonnes;637;;Official data
QL;Livestock Primary;211;Switzerland;5510;Production;1017;Meat, goat;1984;1984;tonnes;615;;Official data
QL;Livestock Primary;211;Switzerland;5510;Production;1017;Meat, goat;1985;1985;tonnes;617;;Official data
QL;Livestock Primary;211;Switzerland;5510;Production;1017;Meat, goat;1986;1986;tonnes;611;;Official data
QL;Livestock Primary;211;Switzerland;5510;Production;1017;Meat, goat;1987;1987;tonnes;618;;Official data
QL;Livestock Primary;211;Switzerland;5510;Production;1017;Meat, goat;1988;1988;tonnes;692;;Official data
QL;Livestock Primary;211;Switzerland;5510;Production;1017;Meat, goat;1989;1989;tonnes;551;;Official data
QL;Livestock Primary;211;Switzerland;5510;Production;1017;Meat, goat;1990;1990;tonnes;578;;Official data
QL;Livestock Primary;211;Switzerland;5510;Production;1017;Meat, goat;1991;1991;tonnes;530;;Official data
QL;Livestock Primary;211;Switzerland;5510;Production;1017;Meat, goat;1992;1992;tonnes;514;;Official data
QL;Livestock Primary;211;Switzerland;5510;Production;1017;Meat, goat;1993;1993;tonnes;474;;Official data
QL;Livestock Primary;211;Switzerland;5510;Production;1017;Meat, goat;1994;1994;tonnes;436;;Official data
QL;Livestock Primary;211;Switzerland;5510;Production;1017;Meat, goat;1995;1995;tonnes;471;;Official data
QL;Livestock Primary;211;Switzerland;5510;Production;1017;Meat, goat;1996;1996;tonnes;465;;Official data
QL;Livestock Primary;211;Switzerland;5510;Production;1017;Meat, goat;1997;1997;tonnes;457;;Official data
QL;Livestock Primary;211;Switzerland;5510;Production;1017;Meat, goat;1998;1998;tonnes;506;;Official data
QL;Livestock Primary;211;Switzerland;5510;Production;1017;Meat, goat;1999;1999;tonnes;500;;Official data
QL;Livestock Primary;211;Switzerland;5510;Production;1017;Meat, goat;2000;2000;tonnes;505;;Official data
QL;Livestock Primary;211;Switzerland;5510;Production;1017;Meat, goat;2001;2001;tonnes;504;;Official data
QL;Livestock Primary;211;Switzerland;5510;Production;1017;Meat, goat;2002;2002;tonnes;477;;Official data
QL;Livestock Primary;211;Switzerland;5510;Production;1017;Meat, goat;2003;2003;tonnes;477;;Official data
QL;Livestock Primary;211;Switzerland;5510;Production;1017;Meat, goat;2004;2004;tonnes;491;;Official data
QL;Livestock Primary;211;Switzerland;5510;Production;1017;Meat, goat;2005;2005;tonnes;565;;Official data
QL;Livestock Primary;211;Switzerland;5510;Production;1017;Meat, goat;2006;2006;tonnes;510;;Official data
QL;Livestock Primary;211;Switzerland;5510;Production;1017;Meat, goat;2007;2007;tonnes;510;;Official data
QL;Livestock Primary;211;Switzerland;5510;Production;1017;Meat, goat;2008;2008;tonnes;536;;Official data
QL;Livestock Primary;211;Switzerland;5510;Production;1017;Meat, goat;2009;2009;tonnes;489;;Official data
QL;Livestock Primary;211;Switzerland;5510;Production;1017;Meat, goat;2010;2010;tonnes;494;;Official data
QL;Livestock Primary;211;Switzerland;5510;Production;1017;Meat, goat;2011;2011;tonnes;520;;Official data
QL;Livestock Primary;211;Switzerland;5510;Production;1017;Meat, goat;2012;2012;tonnes;527;;Official data
QL;Livestock Primary;211;Switzerland;5510;Production;1017;Meat, goat;2013;2013;tonnes;507;;Official data
QL;Livestock Primary;211;Switzerland;5510;Production;1017;Meat, goat;2014;2014;tonnes;477;;Official data
QL;Livestock Primary;211;Switzerland;5510;Production;1017;Meat, goat;2015;2015;tonnes;547;;Official data
QL;Livestock Primary;211;Switzerland;5510;Production;1017;Meat, goat;2016;2016;tonnes;475;;Official data
QL;Livestock Primary;211;Switzerland;5510;Production;1097;Meat, horse;1961;1961;tonnes;4943;;Official data
QL;Livestock Primary;211;Switzerland;5510;Production;1097;Meat, horse;1962;1962;tonnes;3528;;Official data
QL;Livestock Primary;211;Switzerland;5510;Production;1097;Meat, horse;1963;1963;tonnes;3008;;Official data
QL;Livestock Primary;211;Switzerland;5510;Production;1097;Meat, horse;1964;1964;tonnes;2995;;Official data
QL;Livestock Primary;211;Switzerland;5510;Production;1097;Meat, horse;1965;1965;tonnes;2651;;Official data
QL;Livestock Primary;211;Switzerland;5510;Production;1097;Meat, horse;1966;1966;tonnes;2867;;Official data
QL;Livestock Primary;211;Switzerland;5510;Production;1097;Meat, horse;1967;1967;tonnes;2754;;Official data
QL;Livestock Primary;211;Switzerland;5510;Production;1097;Meat, horse;1968;1968;tonnes;2566;;Official data
QL;Livestock Primary;211;Switzerland;5510;Production;1097;Meat, horse;1969;1969;tonnes;2493;;Official data
QL;Livestock Primary;211;Switzerland;5510;Production;1097;Meat, horse;1970;1970;tonnes;2374;;Official data
QL;Livestock Primary;211;Switzerland;5510;Production;1097;Meat, horse;1971;1971;tonnes;2113;;Official data
QL;Livestock Primary;211;Switzerland;5510;Production;1097;Meat, horse;1972;1972;tonnes;1767;;Official data
QL;Livestock Primary;211;Switzerland;5510;Production;1097;Meat, horse;1973;1973;tonnes;1676;;Official data
QL;Livestock Primary;211;Switzerland;5510;Production;1097;Meat, horse;1974;1974;tonnes;1479;;Official data
QL;Livestock Primary;211;Switzerland;5510;Production;1097;Meat, horse;1975;1975;tonnes;1524;;Official data
QL;Livestock Primary;211;Switzerland;5510;Production;1097;Meat, horse;1976;1976;tonnes;1670;;Official data
QL;Livestock Primary;211;Switzerland;5510;Production;1097;Meat, horse;1977;1977;tonnes;1458;;Official data
QL;Livestock Primary;211;Switzerland;5510;Production;1097;Meat, horse;1978;1978;tonnes;1490;;Official data
QL;Livestock Primary;211;Switzerland;5510;Production;1097;Meat, horse;1979;1979;tonnes;1490;;Official data
QL;Livestock Primary;211;Switzerland;5510;Production;1097;Meat, horse;1980;1980;tonnes;1267;;Official data
QL;Livestock Primary;211;Switzerland;5510;Production;1097;Meat, horse;1981;1981;tonnes;1310;;Official data
QL;Livestock Primary;211;Switzerland;5510;Production;1097;Meat, horse;1982;1982;tonnes;1474;;Official data
QL;Livestock Primary;211;Switzerland;5510;Production;1097;Meat, horse;1983;1983;tonnes;1373;;Official data
QL;Livestock Primary;211;Switzerland;5510;Production;1097;Meat, horse;1984;1984;tonnes;1529;;Official data
QL;Livestock Primary;211;Switzerland;5510;Production;1097;Meat, horse;1985;1985;tonnes;1500;;Official data
QL;Livestock Primary;211;Switzerland;5510;Production;1097;Meat, horse;1986;1986;tonnes;1403;;Official data
QL;Livestock Primary;211;Switzerland;5510;Production;1097;Meat, horse;1987;1987;tonnes;1226;;Official data
QL;Livestock Primary;211;Switzerland;5510;Production;1097;Meat, horse;1988;1988;tonnes;1294;;Official data
QL;Livestock Primary;211;Switzerland;5510;Production;1097;Meat, horse;1989;1989;tonnes;1217;;Official data
QL;Livestock Primary;211;Switzerland;5510;Production;1097;Meat, horse;1990;1990;tonnes;1214;;Official data
QL;Livestock Primary;211;Switzerland;5510;Production;1097;Meat, horse;1991;1991;tonnes;1291;;Official data
QL;Livestock Primary;211;Switzerland;5510;Production;1097;Meat, horse;1992;1992;tonnes;1181;;Official data
QL;Livestock Primary;211;Switzerland;5510;Production;1097;Meat, horse;1993;1993;tonnes;1335;;Official data
QL;Livestock Primary;211;Switzerland;5510;Production;1097;Meat, horse;1994;1994;tonnes;1520;;Official data
QL;Livestock Primary;211;Switzerland;5510;Production;1097;Meat, horse;1995;1995;tonnes;1560;;Official data
QL;Livestock Primary;211;Switzerland;5510;Production;1097;Meat, horse;1996;1996;tonnes;1707;;Official data
QL;Livestock Primary;211;Switzerland;5510;Production;1097;Meat, horse;1997;1997;tonnes;1510;;Official data
QL;Livestock Primary;211;Switzerland;5510;Production;1097;Meat, horse;1998;1998;tonnes;1319;;Official data
QL;Livestock Primary;211;Switzerland;5510;Production;1097;Meat, horse;1999;1999;tonnes;1198;;Official data
QL;Livestock Primary;211;Switzerland;5510;Production;1097;Meat, horse;2000;2000;tonnes;1268;;Official data
QL;Livestock Primary;211;Switzerland;5510;Production;1097;Meat, horse;2001;2001;tonnes;1139;;Official data
QL;Livestock Primary;211;Switzerland;5510;Production;1097;Meat, horse;2002;2002;tonnes;1092;;Official data
QL;Livestock Primary;211;Switzerland;5510;Production;1097;Meat, horse;2003;2003;tonnes;1031;;Official data
QL;Livestock Primary;211;Switzerland;5510;Production;1097;Meat, horse;2004;2004;tonnes;1057;;Official data
QL;Livestock Primary;211;Switzerland;5510;Production;1097;Meat, horse;2005;2005;tonnes;967;;Official data
QL;Livestock Primary;211;Switzerland;5510;Production;1097;Meat, horse;2006;2006;tonnes;911;;Official data
QL;Livestock Primary;211;Switzerland;5510;Production;1097;Meat, horse;2007;2007;tonnes;798;;Official data
QL;Livestock Primary;211;Switzerland;5510;Production;1097;Meat, horse;2008;2008;tonnes;729;;Official data
QL;Livestock Primary;211;Switzerland;5510;Production;1097;Meat, horse;2009;2009;tonnes;802;;Official data
QL;Livestock Primary;211;Switzerland;5510;Production;1097;Meat, horse;2010;2010;tonnes;748;;Official data
QL;Livestock Primary;211;Switzerland;5510;Production;1097;Meat, horse;2011;2011;tonnes;775;;Official data
QL;Livestock Primary;211;Switzerland;5510;Production;1097;Meat, horse;2012;2012;tonnes;852;;Official data
QL;Livestock Primary;211;Switzerland;5510;Production;1097;Meat, horse;2013;2013;tonnes;747;;Official data
QL;Livestock Primary;211;Switzerland;5510;Production;1097;Meat, horse;2014;2014;tonnes;691;;Official data
QL;Livestock Primary;211;Switzerland;5510;Production;1097;Meat, horse;2015;2015;tonnes;650;;Official data
QL;Livestock Primary;211;Switzerland;5510;Production;1097;Meat, horse;2016;2016;tonnes;617;;Official data
QL;Livestock Primary;211;Switzerland;5510;Production;1035;Meat, pig;1961;1961;tonnes;136459;;Official data
QL;Livestock Primary;211;Switzerland;5510;Production;1035;Meat, pig;1962;1962;tonnes;130282;;Official data
QL;Livestock Primary;211;Switzerland;5510;Production;1035;Meat, pig;1963;1963;tonnes;136534;;Official data
QL;Livestock Primary;211;Switzerland;5510;Production;1035;Meat, pig;1964;1964;tonnes;147287;;Official data
QL;Livestock Primary;211;Switzerland;5510;Production;1035;Meat, pig;1965;1965;tonnes;161317;;Official data
QL;Livestock Primary;211;Switzerland;5510;Production;1035;Meat, pig;1966;1966;tonnes;158251;;Official data
QL;Livestock Primary;211;Switzerland;5510;Production;1035;Meat, pig;1967;1967;tonnes;167509;;Official data
QL;Livestock Primary;211;Switzerland;5510;Production;1035;Meat, pig;1968;1968;tonnes;188610;;Official data
QL;Livestock Primary;211;Switzerland;5510;Production;1035;Meat, pig;1969;1969;tonnes;197000;;Official data
QL;Livestock Primary;211;Switzerland;5510;Production;1035;Meat, pig;1970;1970;tonnes;196220;;Official data
QL;Livestock Primary;211;Switzerland;5510;Production;1035;Meat, pig;1971;1971;tonnes;208894;;Official data
QL;Livestock Primary;211;Switzerland;5510;Production;1035;Meat, pig;1972;1972;tonnes;223716;;Official data
QL;Livestock Primary;211;Switzerland;5510;Production;1035;Meat, pig;1973;1973;tonnes;236595;;Official data
QL;Livestock Primary;211;Switzerland;5510;Production;1035;Meat, pig;1974;1974;tonnes;237713;;Official data
QL;Livestock Primary;211;Switzerland;5510;Production;1035;Meat, pig;1975;1975;tonnes;235403;;Official data
QL;Livestock Primary;211;Switzerland;5510;Production;1035;Meat, pig;1976;1976;tonnes;246489;;Official data
QL;Livestock Primary;211;Switzerland;5510;Production;1035;Meat, pig;1977;1977;tonnes;262163;;Official data
QL;Livestock Primary;211;Switzerland;5510;Production;1035;Meat, pig;1978;1978;tonnes;258427;;Official data
QL;Livestock Primary;211;Switzerland;5510;Production;1035;Meat, pig;1979;1979;tonnes;263466;;Official data
QL;Livestock Primary;211;Switzerland;5510;Production;1035;Meat, pig;1980;1980;tonnes;278807;;Official data
QL;Livestock Primary;211;Switzerland;5510;Production;1035;Meat, pig;1981;1981;tonnes;275364;;Official data
QL;Livestock Primary;211;Switzerland;5510;Production;1035;Meat, pig;1982;1982;tonnes;289480;;Official data
QL;Livestock Primary;211;Switzerland;5510;Production;1035;Meat, pig;1983;1983;tonnes;290900;;Official data
QL;Livestock Primary;211;Switzerland;5510;Production;1035;Meat, pig;1984;1984;tonnes;276340;;Official data
QL;Livestock Primary;211;Switzerland;5510;Production;1035;Meat, pig;1985;1985;tonnes;284600;;Official data
QL;Livestock Primary;211;Switzerland;5510;Production;1035;Meat, pig;1986;1986;tonnes;285720;;Official data
QL;Livestock Primary;211;Switzerland;5510;Production;1035;Meat, pig;1987;1987;tonnes;277620;;Official data
QL;Livestock Primary;211;Switzerland;5510;Production;1035;Meat, pig;1988;1988;tonnes;278670;;Official data
QL;Livestock Primary;211;Switzerland;5510;Production;1035;Meat, pig;1989;1989;tonnes;280262;;Official data
QL;Livestock Primary;211;Switzerland;5510;Production;1035;Meat, pig;1990;1990;tonnes;269598;;Official data
QL;Livestock Primary;211;Switzerland;5510;Production;1035;Meat, pig;1991;1991;tonnes;265473;;Official data
QL;Livestock Primary;211;Switzerland;5510;Production;1035;Meat, pig;1992;1992;tonnes;264120;;Official data
QL;Livestock Primary;211;Switzerland;5510;Production;1035;Meat, pig;1993;1993;tonnes;260555;;Official data
QL;Livestock Primary;211;Switzerland;5510;Production;1035;Meat, pig;1994;1994;tonnes;246212;;Official data
QL;Livestock Primary;211;Switzerland;5510;Production;1035;Meat, pig;1995;1995;tonnes;250806;;Official data
QL;Livestock Primary;211;Switzerland;5510;Production;1035;Meat, pig;1996;1996;tonnes;220002;;Official data
QL;Livestock Primary;211;Switzerland;5510;Production;1035;Meat, pig;1997;1997;tonnes;214487;;Official data
QL;Livestock Primary;211;Switzerland;5510;Production;1035;Meat, pig;1998;1998;tonnes;231609;;Official data
QL;Livestock Primary;211;Switzerland;5510;Production;1035;Meat, pig;1999;1999;tonnes;226448;;Official data
QL;Livestock Primary;211;Switzerland;5510;Production;1035;Meat, pig;2000;2000;tonnes;225067;;Official data
QL;Livestock Primary;211;Switzerland;5510;Production;1035;Meat, pig;2001;2001;tonnes;234476;;Official data
QL;Livestock Primary;211;Switzerland;5510;Production;1035;Meat, pig;2002;2002;tonnes;235810;;Official data
QL;Livestock Primary;211;Switzerland;5510;Production;1035;Meat, pig;2003;2003;tonnes;229719;;Official data
QL;Livestock Primary;211;Switzerland;5510;Production;1035;Meat, pig;2004;2004;tonnes;227252;;Official data
QL;Livestock Primary;211;Switzerland;5510;Production;1035;Meat, pig;2005;2005;tonnes;236452;;Official data
QL;Livestock Primary;211;Switzerland;5510;Production;1035;Meat, pig;2006;2006;tonnes;243633;;Official data
QL;Livestock Primary;211;Switzerland;5510;Production;1035;Meat, pig;2007;2007;tonnes;242064;;Official data
QL;Livestock Primary;211;Switzerland;5510;Production;1035;Meat, pig;2008;2008;tonnes;231065;;Official data
QL;Livestock Primary;211;Switzerland;5510;Production;1035;Meat, pig;2009;2009;tonnes;237912;;Official data
QL;Livestock Primary;211;Switzerland;5510;Production;1035;Meat, pig;2010;2010;tonnes;249541;;Official data
QL;Livestock Primary;211;Switzerland;5510;Production;1035;Meat, pig;2011;2011;tonnes;249067;;Official data
QL;Livestock Primary;211;Switzerland;5510;Production;1035;Meat, pig;2012;2012;tonnes;242780;;Official data
QL;Livestock Primary;211;Switzerland;5510;Production;1035;Meat, pig;2013;2013;tonnes;235554;;Official data
QL;Livestock Primary;211;Switzerland;5510;Production;1035;Meat, pig;2014;2014;tonnes;242094;;Official data
QL;Livestock Primary;211;Switzerland;5510;Production;1035;Meat, pig;2015;2015;tonnes;241394;;Official data
QL;Livestock Primary;211;Switzerland;5510;Production;1035;Meat, pig;2016;2016;tonnes;238682;;Official data
QL;Livestock Primary;211;Switzerland;5510;Production;1141;Meat, rabbit;1961;1961;tonnes;1370;;Official data
QL;Livestock Primary;211;Switzerland;5510;Production;1141;Meat, rabbit;1962;1962;tonnes;1370;;Official data
QL;Livestock Primary;211;Switzerland;5510;Production;1141;Meat, rabbit;1963;1963;tonnes;1370;;Official data
QL;Livestock Primary;211;Switzerland;5510;Production;1141;Meat, rabbit;1964;1964;tonnes;1370;;Official data
QL;Livestock Primary;211;Switzerland;5510;Production;1141;Meat, rabbit;1965;1965;tonnes;1470;;Official data
QL;Livestock Primary;211;Switzerland;5510;Production;1141;Meat, rabbit;1966;1966;tonnes;2300;;Official data
QL;Livestock Primary;211;Switzerland;5510;Production;1141;Meat, rabbit;1967;1967;tonnes;2400;;Official data
QL;Livestock Primary;211;Switzerland;5510;Production;1141;Meat, rabbit;1968;1968;tonnes;2400;;Official data
QL;Livestock Primary;211;Switzerland;5510;Production;1141;Meat, rabbit;1969;1969;tonnes;2400;;Official data
QL;Livestock Primary;211;Switzerland;5510;Production;1141;Meat, rabbit;1970;1970;tonnes;2400;;Official data
QL;Livestock Primary;211;Switzerland;5510;Production;1141;Meat, rabbit;1971;1971;tonnes;2400;;Official data
QL;Livestock Primary;211;Switzerland;5510;Production;1141;Meat, rabbit;1972;1972;tonnes;2500;;Official data
QL;Livestock Primary;211;Switzerland;5510;Production;1141;Meat, rabbit;1973;1973;tonnes;2600;;Official data
QL;Livestock Primary;211;Switzerland;5510;Production;1141;Meat, rabbit;1974;1974;tonnes;2400;;Official data
QL;Livestock Primary;211;Switzerland;5510;Production;1141;Meat, rabbit;1975;1975;tonnes;2500;;Official data
QL;Livestock Primary;211;Switzerland;5510;Production;1141;Meat, rabbit;1976;1976;tonnes;2500;;Official data
QL;Livestock Primary;211;Switzerland;5510;Production;1141;Meat, rabbit;1977;1977;tonnes;2500;;Official data
QL;Livestock Primary;211;Switzerland;5510;Production;1141;Meat, rabbit;1978;1978;tonnes;2300;;Official data
QL;Livestock Primary;211;Switzerland;5510;Production;1141;Meat, rabbit;1979;1979;tonnes;2200;;Official data
QL;Livestock Primary;211;Switzerland;5510;Production;1141;Meat, rabbit;1980;1980;tonnes;2100;;Official data
QL;Livestock Primary;211;Switzerland;5510;Production;1141;Meat, rabbit;1981;1981;tonnes;2200;;Official data
QL;Livestock Primary;211;Switzerland;5510;Production;1141;Meat, rabbit;1982;1982;tonnes;2200;;Official data
QL;Livestock Primary;211;Switzerland;5510;Production;1141;Meat, rabbit;1983;1983;tonnes;2200;;Official data
QL;Livestock Primary;211;Switzerland;5510;Production;1141;Meat, rabbit;1984;1984;tonnes;2200;;Official data
QL;Livestock Primary;211;Switzerland;5510;Production;1141;Meat, rabbit;1985;1985;tonnes;2200;;Official data
QL;Livestock Primary;211;Switzerland;5510;Production;1141;Meat, rabbit;1986;1986;tonnes;2100;;Official data
QL;Livestock Primary;211;Switzerland;5510;Production;1141;Meat, rabbit;1987;1987;tonnes;2100;;Official data
QL;Livestock Primary;211;Switzerland;5510;Production;1141;Meat, rabbit;1988;1988;tonnes;1722;;Official data
QL;Livestock Primary;211;Switzerland;5510;Production;1141;Meat, rabbit;1989;1989;tonnes;1690;;Official data
QL;Livestock Primary;211;Switzerland;5510;Production;1141;Meat, rabbit;1990;1990;tonnes;1690;;Official data
QL;Livestock Primary;211;Switzerland;5510;Production;1141;Meat, rabbit;1991;1991;tonnes;1600;;Official data
QL;Livestock Primary;211;Switzerland;5510;Production;1141;Meat, rabbit;1992;1992;tonnes;1515;;Official data
QL;Livestock Primary;211;Switzerland;5510;Production;1141;Meat, rabbit;1993;1993;tonnes;1610;;Official data
QL;Livestock Primary;211;Switzerland;5510;Production;1141;Meat, rabbit;1994;1994;tonnes;1470;;Official data
QL;Livestock Primary;211;Switzerland;5510;Production;1141;Meat, rabbit;1995;1995;tonnes;1200;;Official data
QL;Livestock Primary;211;Switzerland;5510;Production;1141;Meat, rabbit;1996;1996;tonnes;1160;;Official data
QL;Livestock Primary;211;Switzerland;5510;Production;1141;Meat, rabbit;1997;1997;tonnes;1160;;Official data
QL;Livestock Primary;211;Switzerland;5510;Production;1141;Meat, rabbit;1998;1998;tonnes;1160;;Official data
QL;Livestock Primary;211;Switzerland;5510;Production;1141;Meat, rabbit;1999;1999;tonnes;1120;;Official data
QL;Livestock Primary;211;Switzerland;5510;Production;1141;Meat, rabbit;2000;2000;tonnes;1120;;Official data
QL;Livestock Primary;211;Switzerland;5510;Production;1141;Meat, rabbit;2001;2001;tonnes;1080;;Official data
QL;Livestock Primary;211;Switzerland;5510;Production;1141;Meat, rabbit;2002;2002;tonnes;1060;;Official data
QL;Livestock Primary;211;Switzerland;5510;Production;1141;Meat, rabbit;2003;2003;tonnes;1145;;Official data
QL;Livestock Primary;211;Switzerland;5510;Production;1141;Meat, rabbit;2004;2004;tonnes;1160;;Official data
QL;Livestock Primary;211;Switzerland;5510;Production;1141;Meat, rabbit;2005;2005;tonnes;1311;;Official data
QL;Livestock Primary;211;Switzerland;5510;Production;1141;Meat, rabbit;2006;2006;tonnes;1593;;Official data
QL;Livestock Primary;211;Switzerland;5510;Production;1141;Meat, rabbit;2007;2007;tonnes;1500;;Official data
QL;Livestock Primary;211;Switzerland;5510;Production;1141;Meat, rabbit;2008;2008;tonnes;1540;;Official data
QL;Livestock Primary;211;Switzerland;5510;Production;1141;Meat, rabbit;2009;2009;tonnes;1278;;Official data
QL;Livestock Primary;211;Switzerland;5510;Production;1141;Meat, rabbit;2010;2010;tonnes;1496;;Official data
QL;Livestock Primary;211;Switzerland;5510;Production;1141;Meat, rabbit;2011;2011;tonnes;1484;;Official data
QL;Livestock Primary;211;Switzerland;5510;Production;1141;Meat, rabbit;2012;2012;tonnes;1284;;Official data
QL;Livestock Primary;211;Switzerland;5510;Production;1141;Meat, rabbit;2013;2013;tonnes;1305;;Official data
QL;Livestock Primary;211;Switzerland;5510;Production;1141;Meat, rabbit;2014;2014;tonnes;1271;;Official data
QL;Livestock Primary;211;Switzerland;5510;Production;1141;Meat, rabbit;2015;2015;tonnes;1047;;Official data
QL;Livestock Primary;211;Switzerland;5510;Production;1141;Meat, rabbit;2016;2016;tonnes;1000;;Official data
QL;Livestock Primary;211;Switzerland;5510;Production;977;Meat, sheep;1961;1961;tonnes;2517;;Official data
QL;Livestock Primary;211;Switzerland;5510;Production;977;Meat, sheep;1962;1962;tonnes;2507;;Official data
QL;Livestock Primary;211;Switzerland;5510;Production;977;Meat, sheep;1963;1963;tonnes;2463;;Official data
QL;Livestock Primary;211;Switzerland;5510;Production;977;Meat, sheep;1964;1964;tonnes;2278;;Official data
QL;Livestock Primary;211;Switzerland;5510;Production;977;Meat, sheep;1965;1965;tonnes;2274;;Official data
QL;Livestock Primary;211;Switzerland;5510;Production;977;Meat, sheep;1966;1966;tonnes;2441;;Official data
QL;Livestock Primary;211;Switzerland;5510;Production;977;Meat, sheep;1967;1967;tonnes;2439;;Official data
QL;Livestock Primary;211;Switzerland;5510;Production;977;Meat, sheep;1968;1968;tonnes;2772;;Official data
QL;Livestock Primary;211;Switzerland;5510;Production;977;Meat, sheep;1969;1969;tonnes;2927;;Official data
QL;Livestock Primary;211;Switzerland;5510;Production;977;Meat, sheep;1970;1970;tonnes;2904;;Official data
QL;Livestock Primary;211;Switzerland;5510;Production;977;Meat, sheep;1971;1971;tonnes;3003;;Official data
QL;Livestock Primary;211;Switzerland;5510;Production;977;Meat, sheep;1972;1972;tonnes;2938;;Official data
QL;Livestock Primary;211;Switzerland;5510;Production;977;Meat, sheep;1973;1973;tonnes;2566;;Official data
QL;Livestock Primary;211;Switzerland;5510;Production;977;Meat, sheep;1974;1974;tonnes;2894;;Official data
QL;Livestock Primary;211;Switzerland;5510;Production;977;Meat, sheep;1975;1975;tonnes;3041;;Official data
QL;Livestock Primary;211;Switzerland;5510;Production;977;Meat, sheep;1976;1976;tonnes;3514;;Official data
QL;Livestock Primary;211;Switzerland;5510;Production;977;Meat, sheep;1977;1977;tonnes;3501;;Official data
QL;Livestock Primary;211;Switzerland;5510;Production;977;Meat, sheep;1978;1978;tonnes;3315;;Official data
QL;Livestock Primary;211;Switzerland;5510;Production;977;Meat, sheep;1979;1979;tonnes;3650;;Official data
QL;Livestock Primary;211;Switzerland;5510;Production;977;Meat, sheep;1980;1980;tonnes;3819;;Official data
QL;Livestock Primary;211;Switzerland;5510;Production;977;Meat, sheep;1981;1981;tonnes;3582;;Official data
QL;Livestock Primary;211;Switzerland;5510;Production;977;Meat, sheep;1982;1982;tonnes;3507;;Official data
QL;Livestock Primary;211;Switzerland;5510;Production;977;Meat, sheep;1983;1983;tonnes;3385;;Official data
QL;Livestock Primary;211;Switzerland;5510;Production;977;Meat, sheep;1984;1984;tonnes;3575;;Official data
QL;Livestock Primary;211;Switzerland;5510;Production;977;Meat, sheep;1985;1985;tonnes;3883;;Official data
QL;Livestock Primary;211;Switzerland;5510;Production;977;Meat, sheep;1986;1986;tonnes;3998;;Official data
QL;Livestock Primary;211;Switzerland;5510;Production;977;Meat, sheep;1987;1987;tonnes;4094;;Official data
QL;Livestock Primary;211;Switzerland;5510;Production;977;Meat, sheep;1988;1988;tonnes;4398;;Official data
QL;Livestock Primary;211;Switzerland;5510;Production;977;Meat, sheep;1989;1989;tonnes;4110;;Official data
QL;Livestock Primary;211;Switzerland;5510;Production;977;Meat, sheep;1990;1990;tonnes;4476;;Official data
QL;Livestock Primary;211;Switzerland;5510;Production;977;Meat, sheep;1991;1991;tonnes;5124;;Official data
QL;Livestock Primary;211;Switzerland;5510;Production;977;Meat, sheep;1992;1992;tonnes;5594;;Official data
QL;Livestock Primary;211;Switzerland;5510;Production;977;Meat, sheep;1993;1993;tonnes;5507;;Official data
QL;Livestock Primary;211;Switzerland;5510;Production;977;Meat, sheep;1994;1994;tonnes;5284;;Official data
QL;Livestock Primary;211;Switzerland;5510;Production;977;Meat, sheep;1995;1995;tonnes;5279;;Official data
QL;Livestock Primary;211;Switzerland;5510;Production;977;Meat, sheep;1996;1996;tonnes;5712;;Official data
QL;Livestock Primary;211;Switzerland;5510;Production;977;Meat, sheep;1997;1997;tonnes;5939;;Official data
QL;Livestock Primary;211;Switzerland;5510;Production;977;Meat, sheep;1998;1998;tonnes;5852;;Official data
QL;Livestock Primary;211;Switzerland;5510;Production;977;Meat, sheep;1999;1999;tonnes;6088;;Official data
QL;Livestock Primary;211;Switzerland;5510;Production;977;Meat, sheep;2000;2000;tonnes;5543;;Official data
QL;Livestock Primary;211;Switzerland;5510;Production;977;Meat, sheep;2001;2001;tonnes;5909;;Official data
QL;Livestock Primary;211;Switzerland;5510;Production;977;Meat, sheep;2002;2002;tonnes;5917;;Official data
QL;Livestock Primary;211;Switzerland;5510;Production;977;Meat, sheep;2003;2003;tonnes;6160;;Official data
QL;Livestock Primary;211;Switzerland;5510;Production;977;Meat, sheep;2004;2004;tonnes;6566;;Official data
QL;Livestock Primary;211;Switzerland;5510;Production;977;Meat, sheep;2005;2005;tonnes;6178;;Official data
QL;Livestock Primary;211;Switzerland;5510;Production;977;Meat, sheep;2006;2006;tonnes;5798;;Official data
QL;Livestock Primary;211;Switzerland;5510;Production;977;Meat, sheep;2007;2007;tonnes;5425;;Official data
QL;Livestock Primary;211;Switzerland;5510;Production;977;Meat, sheep;2008;2008;tonnes;5391;;Official data
QL;Livestock Primary;211;Switzerland;5510;Production;977;Meat, sheep;2009;2009;tonnes;5351;;Official data
QL;Livestock Primary;211;Switzerland;5510;Production;977;Meat, sheep;2010;2010;tonnes;5469;;Official data
QL;Livestock Primary;211;Switzerland;5510;Production;977;Meat, sheep;2011;2011;tonnes;5354;;Official data
QL;Livestock Primary;211;Switzerland;5510;Production;977;Meat, sheep;2012;2012;tonnes;5002;;Official data
QL;Livestock Primary;211;Switzerland;5510;Production;977;Meat, sheep;2013;2013;tonnes;4793;;Official data
QL;Livestock Primary;211;Switzerland;5510;Production;977;Meat, sheep;2014;2014;tonnes;4935;;Official data
QL;Livestock Primary;211;Switzerland;5510;Production;977;Meat, sheep;2015;2015;tonnes;4772;;Official data
QL;Livestock Primary;211;Switzerland;5510;Production;977;Meat, sheep;2016;2016;tonnes;5073;;Official data
QL;Livestock Primary;211;Switzerland;5510;Production;1080;Meat, turkey;1961;1961;tonnes;;M;Data not available
QL;Livestock Primary;211;Switzerland;5510;Production;1080;Meat, turkey;1962;1962;tonnes;;M;Data not available
QL;Livestock Primary;211;Switzerland;5510;Production;1080;Meat, turkey;1963;1963;tonnes;;M;Data not available
QL;Livestock Primary;211;Switzerland;5510;Production;1080;Meat, turkey;1964;1964;tonnes;;M;Data not available
QL;Livestock Primary;211;Switzerland;5510;Production;1080;Meat, turkey;1965;1965;tonnes;;M;Data not available
QL;Livestock Primary;211;Switzerland;5510;Production;1080;Meat, turkey;1966;1966;tonnes;;M;Data not available
QL;Livestock Primary;211;Switzerland;5510;Production;1080;Meat, turkey;1967;1967;tonnes;;M;Data not available
QL;Livestock Primary;211;Switzerland;5510;Production;1080;Meat, turkey;1968;1968;tonnes;;M;Data not available
QL;Livestock Primary;211;Switzerland;5510;Production;1080;Meat, turkey;1969;1969;tonnes;;M;Data not available
QL;Livestock Primary;211;Switzerland;5510;Production;1080;Meat, turkey;1970;1970;tonnes;;M;Data not available
QL;Livestock Primary;211;Switzerland;5510;Production;1080;Meat, turkey;1971;1971;tonnes;;M;Data not available
QL;Livestock Primary;211;Switzerland;5510;Production;1080;Meat, turkey;1972;1972;tonnes;;M;Data not available
QL;Livestock Primary;211;Switzerland;5510;Production;1080;Meat, turkey;1973;1973;tonnes;;M;Data not available
QL;Livestock Primary;211;Switzerland;5510;Production;1080;Meat, turkey;1974;1974;tonnes;;M;Data not available
QL;Livestock Primary;211;Switzerland;5510;Production;1080;Meat, turkey;1975;1975;tonnes;;M;Data not available
QL;Livestock Primary;211;Switzerland;5510;Production;1080;Meat, turkey;1976;1976;tonnes;;M;Data not available
QL;Livestock Primary;211;Switzerland;5510;Production;1080;Meat, turkey;1977;1977;tonnes;;M;Data not available
QL;Livestock Primary;211;Switzerland;5510;Production;1080;Meat, turkey;1978;1978;tonnes;;M;Data not available
QL;Livestock Primary;211;Switzerland;5510;Production;1080;Meat, turkey;1979;1979;tonnes;;M;Data not available
QL;Livestock Primary;211;Switzerland;5510;Production;1080;Meat, turkey;1980;1980;tonnes;;M;Data not available
QL;Livestock Primary;211;Switzerland;5510;Production;1080;Meat, turkey;1981;1981;tonnes;;M;Data not available
QL;Livestock Primary;211;Switzerland;5510;Production;1080;Meat, turkey;1982;1982;tonnes;;M;Data not available
QL;Livestock Primary;211;Switzerland;5510;Production;1080;Meat, turkey;1983;1983;tonnes;;M;Data not available
QL;Livestock Primary;211;Switzerland;5510;Production;1080;Meat, turkey;1984;1984;tonnes;;M;Data not available
QL;Livestock Primary;211;Switzerland;5510;Production;1080;Meat, turkey;1985;1985;tonnes;;M;Data not available
QL;Livestock Primary;211;Switzerland;5510;Production;1080;Meat, turkey;1986;1986;tonnes;;M;Data not available
QL;Livestock Primary;211;Switzerland;5510;Production;1080;Meat, turkey;1987;1987;tonnes;;M;Data not available
QL;Livestock Primary;211;Switzerland;5510;Production;1080;Meat, turkey;1988;1988;tonnes;;M;Data not available
QL;Livestock Primary;211;Switzerland;5510;Production;1080;Meat, turkey;1989;1989;tonnes;;M;Data not available
QL;Livestock Primary;211;Switzerland;5510;Production;1080;Meat, turkey;1990;1990;tonnes;1803;;Official data
QL;Livestock Primary;211;Switzerland;5510;Production;1080;Meat, turkey;1991;1991;tonnes;2351;;Official data
QL;Livestock Primary;211;Switzerland;5510;Production;1080;Meat, turkey;1992;1992;tonnes;3004;;Official data
QL;Livestock Primary;211;Switzerland;5510;Production;1080;Meat, turkey;1993;1993;tonnes;2674;;Official data
QL;Livestock Primary;211;Switzerland;5510;Production;1080;Meat, turkey;1994;1994;tonnes;2854;;Official data
QL;Livestock Primary;211;Switzerland;5510;Production;1080;Meat, turkey;1995;1995;tonnes;3171;;Official data
QL;Livestock Primary;211;Switzerland;5510;Production;1080;Meat, turkey;1996;1996;tonnes;3191;;Official data
QL;Livestock Primary;211;Switzerland;5510;Production;1080;Meat, turkey;1997;1997;tonnes;3096;;Official data
QL;Livestock Primary;211;Switzerland;5510;Production;1080;Meat, turkey;1998;1998;tonnes;3858;;Official data
QL;Livestock Primary;211;Switzerland;5510;Production;1080;Meat, turkey;1999;1999;tonnes;3538;;Official data
QL;Livestock Primary;211;Switzerland;5510;Production;1080;Meat, turkey;2000;2000;tonnes;3390;;Official data
QL;Livestock Primary;211;Switzerland;5510;Production;1080;Meat, turkey;2001;2001;tonnes;3046;;Official data
QL;Livestock Primary;211;Switzerland;5510;Production;1080;Meat, turkey;2002;2002;tonnes;3162;;Official data
QL;Livestock Primary;211;Switzerland;5510;Production;1080;Meat, turkey;2003;2003;tonnes;3126;;Official data
QL;Livestock Primary;211;Switzerland;5510;Production;1080;Meat, turkey;2004;2004;tonnes;3383;;Official data
QL;Livestock Primary;211;Switzerland;5510;Production;1080;Meat, turkey;2005;2005;tonnes;3499;;Official data
QL;Livestock Primary;211;Switzerland;5510;Production;1080;Meat, turkey;2006;2006;tonnes;3358;;Official data
QL;Livestock Primary;211;Switzerland;5510;Production;1080;Meat, turkey;2007;2007;tonnes;2030;;Official data
QL;Livestock Primary;211;Switzerland;5510;Production;1080;Meat, turkey;2008;2008;tonnes;1427;;Official data
QL;Livestock Primary;211;Switzerland;5510;Production;1080;Meat, turkey;2009;2009;tonnes;1388;;Official data
QL;Livestock Primary;211;Switzerland;5510;Production;1080;Meat, turkey;2010;2010;tonnes;1452;;Official data
QL;Livestock Primary;211;Switzerland;5510;Production;1080;Meat, turkey;2011;2011;tonnes;1476;;Official data
QL;Livestock Primary;211;Switzerland;5510;Production;1080;Meat, turkey;2012;2012;tonnes;1412;;Official data
QL;Livestock Primary;211;Switzerland;5510;Production;1080;Meat, turkey;2013;2013;tonnes;1497;;Official data
QL;Livestock Primary;211;Switzerland;5510;Production;1080;Meat, turkey;2014;2014;tonnes;1484;;Official data
QL;Livestock Primary;211;Switzerland;5510;Production;1080;Meat, turkey;2015;2015;tonnes;1607;;Official data
QL;Livestock Primary;211;Switzerland;5510;Production;1080;Meat, turkey;2016;2016;tonnes;1812;;Official data
QL;Livestock Primary;211;Switzerland;5510;Production;867;Rind;1961;1961;tonnes;107233;;Official data
QL;Livestock Primary;211;Switzerland;5510;Production;867;Rind;1962;1962;tonnes;119598;;Official data
QL;Livestock Primary;211;Switzerland;5510;Production;867;Rind;1963;1963;tonnes;114826;;Official data
QL;Livestock Primary;211;Switzerland;5510;Production;867;Rind;1964;1964;tonnes;109641;;Official data
QL;Livestock Primary;211;Switzerland;5510;Production;867;Rind;1965;1965;tonnes;112102;;Official data
QL;Livestock Primary;211;Switzerland;5510;Production;867;Rind;1966;1966;tonnes;118412;;Official data
QL;Livestock Primary;211;Switzerland;5510;Production;867;Rind;1967;1967;tonnes;120239;;Official data
QL;Livestock Primary;211;Switzerland;5510;Production;867;Rind;1968;1968;tonnes;128272;;Official data
QL;Livestock Primary;211;Switzerland;5510;Production;867;Rind;1969;1969;tonnes;126552;;Official data
QL;Livestock Primary;211;Switzerland;5510;Production;867;Rind;1970;1970;tonnes;136611;;Official data
QL;Livestock Primary;211;Switzerland;5510;Production;867;Rind;1971;1971;tonnes;136914;;Official data
QL;Livestock Primary;211;Switzerland;5510;Production;867;Rind;1972;1972;tonnes;127571;;Official data
QL;Livestock Primary;211;Switzerland;5510;Production;867;Rind;1973;1973;tonnes;130229;;Official data
QL;Livestock Primary;211;Switzerland;5510;Production;867;Rind;1974;1974;tonnes;145491;;Official data
QL;Livestock Primary;211;Switzerland;5510;Production;867;Rind;1975;1975;tonnes;141548;;Official data
QL;Livestock Primary;211;Switzerland;5510;Production;867;Rind;1976;1976;tonnes;148911;;Official data
QL;Livestock Primary;211;Switzerland;5510;Production;867;Rind;1977;1977;tonnes;149745;;Official data
QL;Livestock Primary;211;Switzerland;5510;Production;867;Rind;1978;1978;tonnes;149972;;Official data
QL;Livestock Primary;211;Switzerland;5510;Production;867;Rind;1979;1979;tonnes;161369;;Official data
QL;Livestock Primary;211;Switzerland;5510;Production;867;Rind;1980;1980;tonnes;168963;;Official data
QL;Livestock Primary;211;Switzerland;5510;Production;867;Rind;1981;1981;tonnes;155752;;Official data
QL;Livestock Primary;211;Switzerland;5510;Production;867;Rind;1982;1982;tonnes;159932;;Official data
QL;Livestock Primary;211;Switzerland;5510;Production;867;Rind;1983;1983;tonnes;152165;;Official data
QL;Livestock Primary;211;Switzerland;5510;Production;867;Rind;1984;1984;tonnes;165139;;Official data
QL;Livestock Primary;211;Switzerland;5510;Production;867;Rind;1985;1985;tonnes;169829;;Official data
QL;Livestock Primary;211;Switzerland;5510;Production;867;Rind;1986;1986;tonnes;171160;;Official data
QL;Livestock Primary;211;Switzerland;5510;Production;867;Rind;1987;1987;tonnes;171868;;Official data
QL;Livestock Primary;211;Switzerland;5510;Production;867;Rind;1988;1988;tonnes;153912;;Official data
QL;Livestock Primary;211;Switzerland;5510;Production;867;Rind;1989;1989;tonnes;156566;;Official data
QL;Livestock Primary;211;Switzerland;5510;Production;867;Rind;1990;1990;tonnes;165242;;Official data
QL;Livestock Primary;211;Switzerland;5510;Production;867;Rind;1991;1991;tonnes;173742;;Official data
QL;Livestock Primary;211;Switzerland;5510;Production;867;Rind;1992;1992;tonnes;165400;;Official data
QL;Livestock Primary;211;Switzerland;5510;Production;867;Rind;1993;1993;tonnes;156042;;Official data
QL;Livestock Primary;211;Switzerland;5510;Production;867;Rind;1994;1994;tonnes;143281;;Official data
QL;Livestock Primary;211;Switzerland;5510;Production;867;Rind;1995;1995;tonnes;148138;;Official data
QL;Livestock Primary;211;Switzerland;5510;Production;867;Rind;1996;1996;tonnes;159164;;Official data
QL;Livestock Primary;211;Switzerland;5510;Production;867;Rind;1997;1997;tonnes;152355;;Official data
QL;Livestock Primary;211;Switzerland;5510;Production;867;Rind;1998;1998;tonnes;147768;;Official data
QL;Livestock Primary;211;Switzerland;5510;Production;867;Rind;1999;1999;tonnes;147302;;Official data
QL;Livestock Primary;211;Switzerland;5510;Production;867;Rind;2000;2000;tonnes;128394;;Official data
QL;Livestock Primary;211;Switzerland;5510;Production;867;Rind;2001;2001;tonnes;137831;;Official data
QL;Livestock Primary;211;Switzerland;5510;Production;867;Rind;2002;2002;tonnes;139895;;Official data
QL;Livestock Primary;211;Switzerland;5510;Production;867;Rind;2003;2003;tonnes;137203;;Official data
QL;Livestock Primary;211;Switzerland;5510;Production;867;Rind;2004;2004;tonnes;134378;;Official data
QL;Livestock Primary;211;Switzerland;5510;Production;867;Rind;2005;2005;tonnes;132763;;Official data
QL;Livestock Primary;211;Switzerland;5510;Production;867;Rind;2006;2006;tonnes;135336;;Official data
QL;Livestock Primary;211;Switzerland;5510;Production;867;Rind;2007;2007;tonnes;133453;;Official data
QL;Livestock Primary;211;Switzerland;5510;Production;867;Rind;2008;2008;tonnes;135960;;Official data
QL;Livestock Primary;211;Switzerland;5510;Production;867;Rind;2009;2009;tonnes;142182;;Official data
QL;Livestock Primary;211;Switzerland;5510;Production;867;Rind;2010;2010;tonnes;143475;;Official data
QL;Livestock Primary;211;Switzerland;5510;Production;867;Rind;2011;2011;tonnes;144490;;Official data
QL;Livestock Primary;211;Switzerland;5510;Production;867;Rind;2012;2012;tonnes;144922;;Official data
QL;Livestock Primary;211;Switzerland;5510;Production;867;Rind;2013;2013;tonnes;143600;;Official data
QL;Livestock Primary;211;Switzerland;5510;Production;867;Rind;2014;2014;tonnes;143854;;Official data
QL;Livestock Primary;211;Switzerland;5510;Production;867;Rind;2015;2015;tonnes;141909;;Official data
QL;Livestock Primary;211;Switzerland;5510;Production;867;Rind;2016;2016;tonnes;144456;;Official data
QL;Livestock Primary;211;Switzerland;5510;Production;1035;Schwein;1961;1961;tonnes;136459;;Official data
QL;Livestock Primary;211;Switzerland;5510;Production;1035;Schwein;1962;1962;tonnes;130282;;Official data
QL;Livestock Primary;211;Switzerland;5510;Production;1035;Schwein;1963;1963;tonnes;136534;;Official data
QL;Livestock Primary;211;Switzerland;5510;Production;1035;Schwein;1964;1964;tonnes;147287;;Official data
QL;Livestock Primary;211;Switzerland;5510;Production;1035;Schwein;1965;1965;tonnes;161317;;Official data
QL;Livestock Primary;211;Switzerland;5510;Production;1035;Schwein;1966;1966;tonnes;158251;;Official data
QL;Livestock Primary;211;Switzerland;5510;Production;1035;Schwein;1967;1967;tonnes;167509;;Official data
QL;Livestock Primary;211;Switzerland;5510;Production;1035;Schwein;1968;1968;tonnes;188610;;Official data
QL;Livestock Primary;211;Switzerland;5510;Production;1035;Schwein;1969;1969;tonnes;197000;;Official data
QL;Livestock Primary;211;Switzerland;5510;Production;1035;Schwein;1970;1970;tonnes;196220;;Official data
QL;Livestock Primary;211;Switzerland;5510;Production;1035;Schwein;1971;1971;tonnes;208894;;Official data
QL;Livestock Primary;211;Switzerland;5510;Production;1035;Schwein;1972;1972;tonnes;223716;;Official data
QL;Livestock Primary;211;Switzerland;5510;Production;1035;Schwein;1973;1973;tonnes;236595;;Official data
QL;Livestock Primary;211;Switzerland;5510;Production;1035;Schwein;1974;1974;tonnes;237713;;Official data
QL;Livestock Primary;211;Switzerland;5510;Production;1035;Schwein;1975;1975;tonnes;235403;;Official data
QL;Livestock Primary;211;Switzerland;5510;Production;1035;Schwein;1976;1976;tonnes;246489;;Official data
QL;Livestock Primary;211;Switzerland;5510;Production;1035;Schwein;1977;1977;tonnes;262163;;Official data
QL;Livestock Primary;211;Switzerland;5510;Production;1035;Schwein;1978;1978;tonnes;258427;;Official data
QL;Livestock Primary;211;Switzerland;5510;Production;1035;Schwein;1979;1979;tonnes;263466;;Official data
QL;Livestock Primary;211;Switzerland;5510;Production;1035;Schwein;1980;1980;tonnes;278807;;Official data
QL;Livestock Primary;211;Switzerland;5510;Production;1035;Schwein;1981;1981;tonnes;275364;;Official data
QL;Livestock Primary;211;Switzerland;5510;Production;1035;Schwein;1982;1982;tonnes;289480;;Official data
QL;Livestock Primary;211;Switzerland;5510;Production;1035;Schwein;1983;1983;tonnes;290900;;Official data
QL;Livestock Primary;211;Switzerland;5510;Production;1035;Schwein;1984;1984;tonnes;276340;;Official data
QL;Livestock Primary;211;Switzerland;5510;Production;1035;Schwein;1985;1985;tonnes;284600;;Official data
QL;Livestock Primary;211;Switzerland;5510;Production;1035;Schwein;1986;1986;tonnes;285720;;Official data
QL;Livestock Primary;211;Switzerland;5510;Production;1035;Schwein;1987;1987;tonnes;277620;;Official data
QL;Livestock Primary;211;Switzerland;5510;Production;1035;Schwein;1988;1988;tonnes;278670;;Official data
QL;Livestock Primary;211;Switzerland;5510;Production;1035;Schwein;1989;1989;tonnes;280262;;Official data
QL;Livestock Primary;211;Switzerland;5510;Production;1035;Schwein;1990;1990;tonnes;269598;;Official data
QL;Livestock Primary;211;Switzerland;5510;Production;1035;Schwein;1991;1991;tonnes;265473;;Official data
QL;Livestock Primary;211;Switzerland;5510;Production;1035;Schwein;1992;1992;tonnes;264120;;Official data
QL;Livestock Primary;211;Switzerland;5510;Production;1035;Schwein;1993;1993;tonnes;260555;;Official data
QL;Livestock Primary;211;Switzerland;5510;Production;1035;Schwein;1994;1994;tonnes;246212;;Official data
QL;Livestock Primary;211;Switzerland;5510;Production;1035;Schwein;1995;1995;tonnes;250806;;Official data
QL;Livestock Primary;211;Switzerland;5510;Production;1035;Schwein;1996;1996;tonnes;220002;;Official data
QL;Livestock Primary;211;Switzerland;5510;Production;1035;Schwein;1997;1997;tonnes;214487;;Official data
QL;Livestock Primary;211;Switzerland;5510;Production;1035;Schwein;1998;1998;tonnes;231609;;Official data
QL;Livestock Primary;211;Switzerland;5510;Production;1035;Schwein;1999;1999;tonnes;226448;;Official data
QL;Livestock Primary;211;Switzerland;5510;Production;1035;Schwein;2000;2000;tonnes;225067;;Official data
QL;Livestock Primary;211;Switzerland;5510;Production;1035;Schwein;2001;2001;tonnes;234476;;Official data
QL;Livestock Primary;211;Switzerland;5510;Production;1035;Schwein;2002;2002;tonnes;235810;;Official data
QL;Livestock Primary;211;Switzerland;5510;Production;1035;Schwein;2003;2003;tonnes;229719;;Official data
QL;Livestock Primary;211;Switzerland;5510;Production;1035;Schwein;2004;2004;tonnes;227252;;Official data
QL;Livestock Primary;211;Switzerland;5510;Production;1035;Schwein;2005;2005;tonnes;236452;;Official data
QL;Livestock Primary;211;Switzerland;5510;Production;1035;Schwein;2006;2006;tonnes;243633;;Official data
QL;Livestock Primary;211;Switzerland;5510;Production;1035;Schwein;2007;2007;tonnes;242064;;Official data
QL;Livestock Primary;211;Switzerland;5510;Production;1035;Schwein;2008;2008;tonnes;231065;;Official data
QL;Livestock Primary;211;Switzerland;5510;Production;1035;Schwein;2009;2009;tonnes;237912;;Official data
QL;Livestock Primary;211;Switzerland;5510;Production;1035;Schwein;2010;2010;tonnes;249541;;Official data
QL;Livestock Primary;211;Switzerland;5510;Production;1035;Schwein;2011;2011;tonnes;249067;;Official data
QL;Livestock Primary;211;Switzerland;5510;Production;1035;Schwein;2012;2012;tonnes;242780;;Official data
QL;Livestock Primary;211;Switzerland;5510;Production;1035;Schwein;2013;2013;tonnes;235554;;Official data
QL;Livestock Primary;211;Switzerland;5510;Production;1035;Schwein;2014;2014;tonnes;242094;;Official data
QL;Livestock Primary;211;Switzerland;5510;Production;1035;Schwein;2015;2015;tonnes;241394;;Official data
QL;Livestock Primary;211;Switzerland;5510;Production;1035;Schwein;2016;2016;tonnes;238682;;Official data
QL;Livestock Primary;211;Switzerland;;Production;;Geflgel;1961;1961;tonnes;5250;;Selber berechnet, beinhaltet chicken und turkey
QL;Livestock Primary;211;Switzerland;;Production;;Geflgel;1962;1962;tonnes;5800;;Selber berechnet, beinhaltet chicken und turkey
QL;Livestock Primary;211;Switzerland;;Production;;Geflgel;1963;1963;tonnes;8400;;Selber berechnet, beinhaltet chicken und turkey
QL;Livestock Primary;211;Switzerland;;Production;;Geflgel;1964;1964;tonnes;10500;;Selber berechnet, beinhaltet chicken und turkey
QL;Livestock Primary;211;Switzerland;;Production;;Geflgel;1965;1965;tonnes;12400;;Selber berechnet, beinhaltet chicken und turkey
QL;Livestock Primary;211;Switzerland;;Production;;Geflgel;1966;1966;tonnes;13500;;Selber berechnet, beinhaltet chicken und turkey
QL;Livestock Primary;211;Switzerland;;Production;;Geflgel;1967;1967;tonnes;14500;;Selber berechnet, beinhaltet chicken und turkey
QL;Livestock Primary;211;Switzerland;;Production;;Geflgel;1968;1968;tonnes;15000;;Selber berechnet, beinhaltet chicken und turkey
QL;Livestock Primary;211;Switzerland;;Production;;Geflgel;1969;1969;tonnes;15500;;Selber berechnet, beinhaltet chicken und turkey
QL;Livestock Primary;211;Switzerland;;Production;;Geflgel;1970;1970;tonnes;16200;;Selber berechnet, beinhaltet chicken und turkey
QL;Livestock Primary;211;Switzerland;;Production;;Geflgel;1971;1971;tonnes;17500;;Selber berechnet, beinhaltet chicken und turkey
QL;Livestock Primary;211;Switzerland;;Production;;Geflgel;1972;1972;tonnes;19360;;Selber berechnet, beinhaltet chicken und turkey
QL;Livestock Primary;211;Switzerland;;Production;;Geflgel;1973;1973;tonnes;20460;;Selber berechnet, beinhaltet chicken und turkey
QL;Livestock Primary;211;Switzerland;;Production;;Geflgel;1974;1974;tonnes;21120;;Selber berechnet, beinhaltet chicken und turkey
QL;Livestock Primary;211;Switzerland;;Production;;Geflgel;1975;1975;tonnes;19360;;Selber berechnet, beinhaltet chicken und turkey
QL;Livestock Primary;211;Switzerland;;Production;;Geflgel;1976;1976;tonnes;20900;;Selber berechnet, beinhaltet chicken und turkey
QL;Livestock Primary;211;Switzerland;;Production;;Geflgel;1977;1977;tonnes;21670;;Selber berechnet, beinhaltet chicken und turkey
QL;Livestock Primary;211;Switzerland;;Production;;Geflgel;1978;1978;tonnes;21780;;Selber berechnet, beinhaltet chicken und turkey
QL;Livestock Primary;211;Switzerland;;Production;;Geflgel;1979;1979;tonnes;23100;;Selber berechnet, beinhaltet chicken und turkey
QL;Livestock Primary;211;Switzerland;;Production;;Geflgel;1980;1980;tonnes;23000;;Selber berechnet, beinhaltet chicken und turkey
QL;Livestock Primary;211;Switzerland;;Production;;Geflgel;1981;1981;tonnes;24300;;Selber berechnet, beinhaltet chicken und turkey
QL;Livestock Primary;211;Switzerland;;Production;;Geflgel;1982;1982;tonnes;24400;;Selber berechnet, beinhaltet chicken und turkey
QL;Livestock Primary;211;Switzerland;;Production;;Geflgel;1983;1983;tonnes;24500;;Selber berechnet, beinhaltet chicken und turkey
QL;Livestock Primary;211;Switzerland;;Production;;Geflgel;1984;1984;tonnes;25630;;Selber berechnet, beinhaltet chicken und turkey
QL;Livestock Primary;211;Switzerland;;Production;;Geflgel;1985;1985;tonnes;27500;;Selber berechnet, beinhaltet chicken und turkey
QL;Livestock Primary;211;Switzerland;;Production;;Geflgel;1986;1986;tonnes;27500;;Selber berechnet, beinhaltet chicken und turkey
QL;Livestock Primary;211;Switzerland;;Production;;Geflgel;1987;1987;tonnes;28710;;Selber berechnet, beinhaltet chicken und turkey
QL;Livestock Primary;211;Switzerland;;Production;;Geflgel;1988;1988;tonnes;31370;;Selber berechnet, beinhaltet chicken und turkey
QL;Livestock Primary;211;Switzerland;;Production;;Geflgel;1989;1989;tonnes;32460;;Selber berechnet, beinhaltet chicken und turkey
QL;Livestock Primary;211;Switzerland;;Production;;Geflgel;1990;1990;tonnes;33080;;Selber berechnet, beinhaltet chicken und turkey
QL;Livestock Primary;211;Switzerland;;Production;;Geflgel;1991;1991;tonnes;34990;;Selber berechnet, beinhaltet chicken und turkey
QL;Livestock Primary;211;Switzerland;;Production;;Geflgel;1992;1992;tonnes;36670;;Selber berechnet, beinhaltet chicken und turkey
QL;Livestock Primary;211;Switzerland;;Production;;Geflgel;1993;1993;tonnes;35750;;Selber berechnet, beinhaltet chicken und turkey
QL;Livestock Primary;211;Switzerland;;Production;;Geflgel;1994;1994;tonnes;37830;;Selber berechnet, beinhaltet chicken und turkey
QL;Livestock Primary;211;Switzerland;;Production;;Geflgel;1995;1995;tonnes;39790;;Selber berechnet, beinhaltet chicken und turkey
QL;Livestock Primary;211;Switzerland;;Production;;Geflgel;1996;1996;tonnes;40510;;Selber berechnet, beinhaltet chicken und turkey
QL;Livestock Primary;211;Switzerland;;Production;;Geflgel;1997;1997;tonnes;43870;;Selber berechnet, beinhaltet chicken und turkey
QL;Livestock Primary;211;Switzerland;;Production;;Geflgel;1998;1998;tonnes;44160;;Selber berechnet, beinhaltet chicken und turkey
QL;Livestock Primary;211;Switzerland;;Production;;Geflgel;1999;1999;tonnes;45590;;Selber berechnet, beinhaltet chicken und turkey
QL;Livestock Primary;211;Switzerland;;Production;;Geflgel;2000;2000;tonnes;49280;;Selber berechnet, beinhaltet chicken und turkey
QL;Livestock Primary;211;Switzerland;;Production;;Geflgel;2001;2001;tonnes;49880;;Selber berechnet, beinhaltet chicken und turkey
QL;Livestock Primary;211;Switzerland;;Production;;Geflgel;2002;2002;tonnes;54230;;Selber berechnet, beinhaltet chicken und turkey
QL;Livestock Primary;211;Switzerland;;Production;;Geflgel;2003;2003;tonnes;56270;;Selber berechnet, beinhaltet chicken und turkey
QL;Livestock Primary;211;Switzerland;;Production;;Geflgel;2004;2004;tonnes;59700;;Selber berechnet, beinhaltet chicken und turkey
QL;Livestock Primary;211;Switzerland;;Production;;Geflgel;2005;2005;tonnes;57951;;Selber berechnet, beinhaltet chicken und turkey
QL;Livestock Primary;211;Switzerland;;Production;;Geflgel;2006;2006;tonnes;51691;;Selber berechnet, beinhaltet chicken und turkey
QL;Livestock Primary;211;Switzerland;;Production;;Geflgel;2007;2007;tonnes;60420;;Selber berechnet, beinhaltet chicken und turkey
QL;Livestock Primary;211;Switzerland;;Production;;Geflgel;2008;2008;tonnes;63831;;Selber berechnet, beinhaltet chicken und turkey
QL;Livestock Primary;211;Switzerland;;Production;;Geflgel;2009;2009;tonnes;65158;;Selber berechnet, beinhaltet chicken und turkey
QL;Livestock Primary;211;Switzerland;;Production;;Geflgel;2010;2010;tonnes;68711;;Selber berechnet, beinhaltet chicken und turkey
QL;Livestock Primary;211;Switzerland;;Production;;Geflgel;2011;2011;tonnes;72805;;Selber berechnet, beinhaltet chicken und turkey
QL;Livestock Primary;211;Switzerland;;Production;;Geflgel;2012;2012;tonnes;76062;;Selber berechnet, beinhaltet chicken und turkey
QL;Livestock Primary;211;Switzerland;;Production;;Geflgel;2013;2013;tonnes;79795;;Selber berechnet, beinhaltet chicken und turkey
QL;Livestock Primary;211;Switzerland;;Production;;Geflgel;2014;2014;tonnes;84504;;Selber berechnet, beinhaltet chicken und turkey
QL;Livestock Primary;211;Switzerland;;Production;;Geflgel;2015;2015;tonnes;87096;;Selber berechnet, beinhaltet chicken und turkey
QL;Livestock Primary;211;Switzerland;;Production;;Geflgel;2016;2016;tonnes;90994;;Selber berechnet, beinhaltet chicken und turkey
QL;Livestock Primary;211;Switzerland;;Production;;Schafe+Ziegen;1961;1961;tonnes;3246;;Selber berechnet, beinhaltet goat und sheep
QL;Livestock Primary;211;Switzerland;;Production;;Schafe+Ziegen;1962;1962;tonnes;3343;;Selber berechnet, beinhaltet goat und sheep
QL;Livestock Primary;211;Switzerland;;Production;;Schafe+Ziegen;1963;1963;tonnes;3249;;Selber berechnet, beinhaltet goat und sheep
QL;Livestock Primary;211;Switzerland;;Production;;Schafe+Ziegen;1964;1964;tonnes;2994;;Selber berechnet, beinhaltet goat und sheep
QL;Livestock Primary;211;Switzerland;;Production;;Schafe+Ziegen;1965;1965;tonnes;2962;;Selber berechnet, beinhaltet goat und sheep
QL;Livestock Primary;211;Switzerland;;Production;;Schafe+Ziegen;1966;1966;tonnes;3097;;Selber berechnet, beinhaltet goat und sheep
QL;Livestock Primary;211;Switzerland;;Production;;Schafe+Ziegen;1967;1967;tonnes;3047;;Selber berechnet, beinhaltet goat und sheep
QL;Livestock Primary;211;Switzerland;;Production;;Schafe+Ziegen;1968;1968;tonnes;3437;;Selber berechnet, beinhaltet goat und sheep
QL;Livestock Primary;211;Switzerland;;Production;;Schafe+Ziegen;1969;1969;tonnes;3577;;Selber berechnet, beinhaltet goat und sheep
QL;Livestock Primary;211;Switzerland;;Production;;Schafe+Ziegen;1970;1970;tonnes;3520;;Selber berechnet, beinhaltet goat und sheep
QL;Livestock Primary;211;Switzerland;;Production;;Schafe+Ziegen;1971;1971;tonnes;3541;;Selber berechnet, beinhaltet goat und sheep
QL;Livestock Primary;211;Switzerland;;Production;;Schafe+Ziegen;1972;1972;tonnes;3430;;Selber berechnet, beinhaltet goat und sheep
QL;Livestock Primary;211;Switzerland;;Production;;Schafe+Ziegen;1973;1973;tonnes;3076;;Selber berechnet, beinhaltet goat und sheep
QL;Livestock Primary;211;Switzerland;;Production;;Schafe+Ziegen;1974;1974;tonnes;3462;;Selber berechnet, beinhaltet goat und sheep
QL;Livestock Primary;211;Switzerland;;Production;;Schafe+Ziegen;1975;1975;tonnes;3606;;Selber berechnet, beinhaltet goat und sheep
QL;Livestock Primary;211;Switzerland;;Production;;Schafe+Ziegen;1976;1976;tonnes;4094;;Selber berechnet, beinhaltet goat und sheep
QL;Livestock Primary;211;Switzerland;;Production;;Schafe+Ziegen;1977;1977;tonnes;4103;;Selber berechnet, beinhaltet goat und sheep
QL;Livestock Primary;211;Switzerland;;Production;;Schafe+Ziegen;1978;1978;tonnes;3911;;Selber berechnet, beinhaltet goat und sheep
QL;Livestock Primary;211;Switzerland;;Production;;Schafe+Ziegen;1979;1979;tonnes;4300;;Selber berechnet, beinhaltet goat und sheep
QL;Livestock Primary;211;Switzerland;;Production;;Schafe+Ziegen;1980;1980;tonnes;4467;;Selber berechnet, beinhaltet goat und sheep
QL;Livestock Primary;211;Switzerland;;Production;;Schafe+Ziegen;1981;1981;tonnes;4202;;Selber berechnet, beinhaltet goat und sheep
QL;Livestock Primary;211;Switzerland;;Production;;Schafe+Ziegen;1982;1982;tonnes;4125;;Selber berechnet, beinhaltet goat und sheep
QL;Livestock Primary;211;Switzerland;;Production;;Schafe+Ziegen;1983;1983;tonnes;4022;;Selber berechnet, beinhaltet goat und sheep
QL;Livestock Primary;211;Switzerland;;Production;;Schafe+Ziegen;1984;1984;tonnes;4190;;Selber berechnet, beinhaltet goat und sheep
QL;Livestock Primary;211;Switzerland;;Production;;Schafe+Ziegen;1985;1985;tonnes;4500;;Selber berechnet, beinhaltet goat und sheep
QL;Livestock Primary;211;Switzerland;;Production;;Schafe+Ziegen;1986;1986;tonnes;4609;;Selber berechnet, beinhaltet goat und sheep
QL;Livestock Primary;211;Switzerland;;Production;;Schafe+Ziegen;1987;1987;tonnes;4712;;Selber berechnet, beinhaltet goat und sheep
QL;Livestock Primary;211;Switzerland;;Production;;Schafe+Ziegen;1988;1988;tonnes;5090;;Selber berechnet, beinhaltet goat und sheep
QL;Livestock Primary;211;Switzerland;;Production;;Schafe+Ziegen;1989;1989;tonnes;4661;;Selber berechnet, beinhaltet goat und sheep
QL;Livestock Primary;211;Switzerland;;Production;;Schafe+Ziegen;1990;1990;tonnes;5054;;Selber berechnet, beinhaltet goat und sheep
QL;Livestock Primary;211;Switzerland;;Production;;Schafe+Ziegen;1991;1991;tonnes;5654;;Selber berechnet, beinhaltet goat und sheep
QL;Livestock Primary;211;Switzerland;;Production;;Schafe+Ziegen;1992;1992;tonnes;6108;;Selber berechnet, beinhaltet goat und sheep
QL;Livestock Primary;211;Switzerland;;Production;;Schafe+Ziegen;1993;1993;tonnes;5981;;Selber berechnet, beinhaltet goat und sheep
QL;Livestock Primary;211;Switzerland;;Production;;Schafe+Ziegen;1994;1994;tonnes;5720;;Selber berechnet, beinhaltet goat und sheep
QL;Livestock Primary;211;Switzerland;;Production;;Schafe+Ziegen;1995;1995;tonnes;5750;;Selber berechnet, beinhaltet goat und sheep
QL;Livestock Primary;211;Switzerland;;Production;;Schafe+Ziegen;1996;1996;tonnes;6177;;Selber berechnet, beinhaltet goat und sheep
QL;Livestock Primary;211;Switzerland;;Production;;Schafe+Ziegen;1997;1997;tonnes;6396;;Selber berechnet, beinhaltet goat und sheep
QL;Livestock Primary;211;Switzerland;;Production;;Schafe+Ziegen;1998;1998;tonnes;6358;;Selber berechnet, beinhaltet goat und sheep
QL;Livestock Primary;211;Switzerland;;Production;;Schafe+Ziegen;1999;1999;tonnes;6588;;Selber berechnet, beinhaltet goat und sheep
QL;Livestock Primary;211;Switzerland;;Production;;Schafe+Ziegen;2000;2000;tonnes;6048;;Selber berechnet, beinhaltet goat und sheep
QL;Livestock Primary;211;Switzerland;;Production;;Schafe+Ziegen;2001;2001;tonnes;6413;;Selber berechnet, beinhaltet goat und sheep
QL;Livestock Primary;211;Switzerland;;Production;;Schafe+Ziegen;2002;2002;tonnes;6394;;Selber berechnet, beinhaltet goat und sheep
QL;Livestock Primary;211;Switzerland;;Production;;Schafe+Ziegen;2003;2003;tonnes;6637;;Selber berechnet, beinhaltet goat und sheep
QL;Livestock Primary;211;Switzerland;;Production;;Schafe+Ziegen;2004;2004;tonnes;7057;;Selber berechnet, beinhaltet goat und sheep
QL;Livestock Primary;211;Switzerland;;Production;;Schafe+Ziegen;2005;2005;tonnes;6743;;Selber berechnet, beinhaltet goat und sheep
QL;Livestock Primary;211;Switzerland;;Production;;Schafe+Ziegen;2006;2006;tonnes;6308;;Selber berechnet, beinhaltet goat und sheep
QL;Livestock Primary;211;Switzerland;;Production;;Schafe+Ziegen;2007;2007;tonnes;5935;;Selber berechnet, beinhaltet goat und sheep
QL;Livestock Primary;211;Switzerland;;Production;;Schafe+Ziegen;2008;2008;tonnes;5927;;Selber berechnet, beinhaltet goat und sheep
QL;Livestock Primary;211;Switzerland;;Production;;Schafe+Ziegen;2009;2009;tonnes;5840;;Selber berechnet, beinhaltet goat und sheep
QL;Livestock Primary;211;Switzerland;;Production;;Schafe+Ziegen;2010;2010;tonnes;5963;;Selber berechnet, beinhaltet goat und sheep
QL;Livestock Primary;211;Switzerland;;Production;;Schafe+Ziegen;2011;2011;tonnes;5874;;Selber berechnet, beinhaltet goat und sheep
QL;Livestock Primary;211;Switzerland;;Production;;Schafe+Ziegen;2012;2012;tonnes;5529;;Selber berechnet, beinhaltet goat und sheep
QL;Livestock Primary;211;Switzerland;;Production;;Schafe+Ziegen;2013;2013;tonnes;5300;;Selber berechnet, beinhaltet goat und sheep
QL;Livestock Primary;211;Switzerland;;Production;;Schafe+Ziegen;2014;2014;tonnes;5412;;Selber berechnet, beinhaltet goat und sheep
QL;Livestock Primary;211;Switzerland;;Production;;Schafe+Ziegen;2015;2015;tonnes;5319;;Selber berechnet, beinhaltet goat und sheep
QL;Livestock Primary;211;Switzerland;;Production;;Schafe+Ziegen;2016;2016;tonnes;5548;;Selber berechnet, beinhaltet goat und sheep
QL;Livestock Primary;211;Switzerland;;Production;;berige Tiere;1961;1961;tonnes;7313;;Selber berechnet, beinhaltet rabbit, horse, game
QL;Livestock Primary;212;Switzerland;;Production;;berige Tiere;1962;1962;tonnes;5898;;Selber berechnet, beinhaltet rabbit, horse, game
QL;Livestock Primary;213;Switzerland;;Production;;berige Tiere;1963;1963;tonnes;5378;;Selber berechnet, beinhaltet rabbit, horse, game
QL;Livestock Primary;214;Switzerland;;Production;;berige Tiere;1964;1964;tonnes;5365;;Selber berechnet, beinhaltet rabbit, horse, game
QL;Livestock Primary;215;Switzerland;;Production;;berige Tiere;1965;1965;tonnes;5121;;Selber berechnet, beinhaltet rabbit, horse, game
QL;Livestock Primary;216;Switzerland;;Production;;berige Tiere;1966;1966;tonnes;6167;;Selber berechnet, beinhaltet rabbit, horse, game
QL;Livestock Primary;217;Switzerland;;Production;;berige Tiere;1967;1967;tonnes;6254;;Selber berechnet, beinhaltet rabbit, horse, game
QL;Livestock Primary;218;Switzerland;;Production;;berige Tiere;1968;1968;tonnes;5966;;Selber berechnet, beinhaltet rabbit, horse, game
QL;Livestock Primary;219;Switzerland;;Production;;berige Tiere;1969;1969;tonnes;5993;;Selber berechnet, beinhaltet rabbit, horse, game
QL;Livestock Primary;220;Switzerland;;Production;;berige Tiere;1970;1970;tonnes;5674;;Selber berechnet, beinhaltet rabbit, horse, game
QL;Livestock Primary;221;Switzerland;;Production;;berige Tiere;1971;1971;tonnes;5513;;Selber berechnet, beinhaltet rabbit, horse, game
QL;Livestock Primary;222;Switzerland;;Production;;berige Tiere;1972;1972;tonnes;5317;;Selber berechnet, beinhaltet rabbit, horse, game
QL;Livestock Primary;223;Switzerland;;Production;;berige Tiere;1973;1973;tonnes;5376;;Selber berechnet, beinhaltet rabbit, horse, game
QL;Livestock Primary;224;Switzerland;;Production;;berige Tiere;1974;1974;tonnes;5009;;Selber berechnet, beinhaltet rabbit, horse, game
QL;Livestock Primary;225;Switzerland;;Production;;berige Tiere;1975;1975;tonnes;5304;;Selber berechnet, beinhaltet rabbit, horse, game
QL;Livestock Primary;226;Switzerland;;Production;;berige Tiere;1976;1976;tonnes;5570;;Selber berechnet, beinhaltet rabbit, horse, game
QL;Livestock Primary;227;Switzerland;;Production;;berige Tiere;1977;1977;tonnes;5558;;Selber berechnet, beinhaltet rabbit, horse, game
QL;Livestock Primary;228;Switzerland;;Production;;berige Tiere;1978;1978;tonnes;5370;;Selber berechnet, beinhaltet rabbit, horse, game
QL;Livestock Primary;229;Switzerland;;Production;;berige Tiere;1979;1979;tonnes;5240;;Selber berechnet, beinhaltet rabbit, horse, game
QL;Livestock Primary;230;Switzerland;;Production;;berige Tiere;1980;1980;tonnes;4920;;Selber berechnet, beinhaltet rabbit, horse, game
QL;Livestock Primary;231;Switzerland;;Production;;berige Tiere;1981;1981;tonnes;5014;;Selber berechnet, beinhaltet rabbit, horse, game
QL;Livestock Primary;232;Switzerland;;Production;;berige Tiere;1982;1982;tonnes;5114;;Selber berechnet, beinhaltet rabbit, horse, game
QL;Livestock Primary;233;Switzerland;;Production;;berige Tiere;1983;1983;tonnes;5062;;Selber berechnet, beinhaltet rabbit, horse, game
QL;Livestock Primary;234;Switzerland;;Production;;berige Tiere;1984;1984;tonnes;5247;;Selber berechnet, beinhaltet rabbit, horse, game
QL;Livestock Primary;235;Switzerland;;Production;;berige Tiere;1985;1985;tonnes;5294;;Selber berechnet, beinhaltet rabbit, horse, game
QL;Livestock Primary;236;Switzerland;;Production;;berige Tiere;1986;1986;tonnes;5052;;Selber berechnet, beinhaltet rabbit, horse, game
QL;Livestock Primary;237;Switzerland;;Production;;berige Tiere;1987;1987;tonnes;4900;;Selber berechnet, beinhaltet rabbit, horse, game
QL;Livestock Primary;238;Switzerland;;Production;;berige Tiere;1988;1988;tonnes;4583;;Selber berechnet, beinhaltet rabbit, horse, game
QL;Livestock Primary;239;Switzerland;;Production;;berige Tiere;1989;1989;tonnes;4438;;Selber berechnet, beinhaltet rabbit, horse, game
QL;Livestock Primary;240;Switzerland;;Production;;berige Tiere;1990;1990;tonnes;4433;;Selber berechnet, beinhaltet rabbit, horse, game
QL;Livestock Primary;241;Switzerland;;Production;;berige Tiere;1991;1991;tonnes;4165;;Selber berechnet, beinhaltet rabbit, horse, game
QL;Livestock Primary;242;Switzerland;;Production;;berige Tiere;1992;1992;tonnes;3968;;Selber berechnet, beinhaltet rabbit, horse, game
QL;Livestock Primary;243;Switzerland;;Production;;berige Tiere;1993;1993;tonnes;4311;;Selber berechnet, beinhaltet rabbit, horse, game
QL;Livestock Primary;244;Switzerland;;Production;;berige Tiere;1994;1994;tonnes;4321;;Selber berechnet, beinhaltet rabbit, horse, game
QL;Livestock Primary;245;Switzerland;;Production;;berige Tiere;1995;1995;tonnes;4143;;Selber berechnet, beinhaltet rabbit, horse, game
QL;Livestock Primary;246;Switzerland;;Production;;berige Tiere;1996;1996;tonnes;4328;;Selber berechnet, beinhaltet rabbit, horse, game
QL;Livestock Primary;247;Switzerland;;Production;;berige Tiere;1997;1997;tonnes;4098;;Selber berechnet, beinhaltet rabbit, horse, game
QL;Livestock Primary;248;Switzerland;;Production;;berige Tiere;1998;1998;tonnes;3983;;Selber berechnet, beinhaltet rabbit, horse, game
QL;Livestock Primary;249;Switzerland;;Production;;berige Tiere;1999;1999;tonnes;3716;;Selber berechnet, beinhaltet rabbit, horse, game
QL;Livestock Primary;250;Switzerland;;Production;;berige Tiere;2000;2000;tonnes;3911;;Selber berechnet, beinhaltet rabbit, horse, game
QL;Livestock Primary;251;Switzerland;;Production;;berige Tiere;2001;2001;tonnes;3763;;Selber berechnet, beinhaltet rabbit, horse, game
QL;Livestock Primary;252;Switzerland;;Production;;berige Tiere;2002;2002;tonnes;3751;;Selber berechnet, beinhaltet rabbit, horse, game
QL;Livestock Primary;253;Switzerland;;Production;;berige Tiere;2003;2003;tonnes;3652;;Selber berechnet, beinhaltet rabbit, horse, game
QL;Livestock Primary;254;Switzerland;;Production;;berige Tiere;2004;2004;tonnes;3727;;Selber berechnet, beinhaltet rabbit, horse, game
QL;Livestock Primary;255;Switzerland;;Production;;berige Tiere;2005;2005;tonnes;3911;;Selber berechnet, beinhaltet rabbit, horse, game
QL;Livestock Primary;256;Switzerland;;Production;;berige Tiere;2006;2006;tonnes;3970;;Selber berechnet, beinhaltet rabbit, horse, game
QL;Livestock Primary;257;Switzerland;;Production;;berige Tiere;2007;2007;tonnes;3946;;Selber berechnet, beinhaltet rabbit, horse, game
QL;Livestock Primary;258;Switzerland;;Production;;berige Tiere;2008;2008;tonnes;4108;;Selber berechnet, beinhaltet rabbit, horse, game
QL;Livestock Primary;259;Switzerland;;Production;;berige Tiere;2009;2009;tonnes;3617;;Selber berechnet, beinhaltet rabbit, horse, game
QL;Livestock Primary;260;Switzerland;;Production;;berige Tiere;2010;2010;tonnes;3981;;Selber berechnet, beinhaltet rabbit, horse, game
QL;Livestock Primary;261;Switzerland;;Production;;berige Tiere;2011;2011;tonnes;3945;;Selber berechnet, beinhaltet rabbit, horse, game
QL;Livestock Primary;262;Switzerland;;Production;;berige Tiere;2012;2012;tonnes;4014;;Selber berechnet, beinhaltet rabbit, horse, game
QL;Livestock Primary;263;Switzerland;;Production;;berige Tiere;2013;2013;tonnes;3814;;Selber berechnet, beinhaltet rabbit, horse, game
QL;Livestock Primary;264;Switzerland;;Production;;berige Tiere;2014;2014;tonnes;3729;;Selber berechnet, beinhaltet rabbit, horse, game
QL;Livestock Primary;265;Switzerland;;Production;;berige Tiere;2015;2015;tonnes;3686;;Selber berechnet, beinhaltet rabbit, horse, game
QL;Livestock Primary;266;Switzerland;;Production;;berige Tiere;2016;2016;tonnes;3614;;Selber berechnet, beinhaltet rabbit, horse, game
